reading_id,session_id,food_id,food_type,timestamp,days_since_start,storage,mq135_baseline,mq3_baseline,mq135_mean,mq135_std,mq3_mean,mq3_std,fsr_median,temp_c,rh_pct,label,data_source,notes
0,2026-06-01_AM,APPLE_01,apple,2026-06-01T06:00:00,0.0,room,62,21,79,4.3,24,5.3,501,29.2,60.5,fresh,synthetic_v0,simulated; ranges are estimates
1,2026-06-01_PM,APPLE_01,apple,2026-06-01T18:00:00,0.5,room,75,26,94,5.9,30,3.7,541,27.0,69.8,fresh,synthetic_v0,simulated; ranges are estimates
2,2026-06-02_AM,APPLE_01,apple,2026-06-02T06:00:00,1.0,room,71,24,84,6.8,29,4.6,518,31.2,56.7,fresh,synthetic_v0,simulated; ranges are estimates
3,2026-06-02_PM,APPLE_01,apple,2026-06-02T18:00:00,1.5,room,70,23,96,4.4,30,5.0,464,29.1,64.3,fresh,synthetic_v0,simulated; ranges are estimates
4,2026-06-03_AM,APPLE_01,apple,2026-06-03T06:00:00,2.0,room,70,27,87,6.4,31,5.0,541,28.1,62.3,fresh,synthetic_v0,simulated; ranges are estimates
5,2026-06-03_PM,APPLE_01,apple,2026-06-03T18:00:00,2.5,room,76,22,91,9.0,27,2.7,489,29.5,46.5,fresh,synthetic_v0,simulated; ranges are estimates
6,2026-06-04_AM,APPLE_01,apple,2026-06-04T06:00:00,3.0,room,73,28,92,5.3,32,3.3,537,29.3,58.5,fresh,synthetic_v0,simulated; ranges are estimates
7,2026-06-04_PM,APPLE_01,apple,2026-06-04T18:00:00,3.5,room,69,24,90,5.1,29,4.2,533,28.9,57.5,fresh,synthetic_v0,simulated; ranges are estimates
8,2026-06-05_AM,APPLE_01,apple,2026-06-05T06:00:00,4.0,room,78,26,91,7.0,28,3.3,448,28.0,63.8,fresh,synthetic_v0,simulated; ranges are estimates
9,2026-06-05_PM,APPLE_01,apple,2026-06-05T18:00:00,4.5,room,78,30,93,3.1,36,2.0,426,26.5,63.2,fresh,synthetic_v0,simulated; ranges are estimates
10,2026-06-06_AM,APPLE_01,apple,2026-06-06T06:00:00,5.0,room,73,27,97,4.1,30,3.7,535,26.6,57.3,fresh,synthetic_v0,simulated; ranges are estimates
11,2026-06-06_PM,APPLE_01,apple,2026-06-06T18:00:00,5.5,room,80,23,101,6.1,28,3.2,437,28.3,60.2,fresh,synthetic_v0,simulated; ranges are estimates
12,2026-06-07_AM,APPLE_01,apple,2026-06-07T06:00:00,6.0,room,84,28,93,8.7,32,5.3,512,28.5,71.7,fresh,synthetic_v0,simulated; ranges are estimates
13,2026-06-07_PM,APPLE_01,apple,2026-06-07T18:00:00,6.5,room,73,27,88,5.6,29,1.8,530,26.5,62.5,fresh,synthetic_v0,simulated; ranges are estimates
14,2026-06-08_AM,APPLE_01,apple,2026-06-08T06:00:00,7.0,room,81,35,115,2.0,39,4.4,457,26.8,56.7,fresh,synthetic_v0,simulated; ranges are estimates
15,2026-06-08_PM,APPLE_01,apple,2026-06-08T18:00:00,7.5,room,75,29,96,2.7,36,3.3,455,27.9,74.1,fresh,synthetic_v0,simulated; ranges are estimates
16,2026-06-09_AM,APPLE_01,apple,2026-06-09T06:00:00,8.0,room,79,32,91,4.5,33,7.2,459,26.8,66.7,fresh,synthetic_v0,simulated; ranges are estimates
17,2026-06-09_PM,APPLE_01,apple,2026-06-09T18:00:00,8.5,room,74,32,92,6.9,39,3.3,472,26.2,49.8,fresh,synthetic_v0,simulated; ranges are estimates
18,2026-06-10_AM,APPLE_01,apple,2026-06-10T06:00:00,9.0,room,78,35,127,8.6,46,4.3,406,27.4,68.9,ripe,synthetic_v0,simulated; ranges are estimates
19,2026-06-10_PM,APPLE_01,apple,2026-06-10T18:00:00,9.5,room,80,34,114,9.4,43,3.7,461,27.4,71.7,ripe,synthetic_v0,simulated; ranges are estimates
20,2026-06-11_AM,APPLE_01,apple,2026-06-11T06:00:00,10.0,room,73,27,127,5.7,38,4.5,394,30.1,60.7,ripe,synthetic_v0,simulated; ranges are estimates
21,2026-06-11_PM,APPLE_01,apple,2026-06-11T18:00:00,10.5,room,80,24,119,5.3,33,5.4,359,26.0,60.2,ripe,synthetic_v0,simulated; ranges are estimates
22,2026-06-12_AM,APPLE_01,apple,2026-06-12T06:00:00,11.0,room,75,29,134,5.7,44,3.0,448,27.7,61.9,ripe,synthetic_v0,simulated; ranges are estimates
23,2026-06-12_PM,APPLE_01,apple,2026-06-12T18:00:00,11.5,room,77,27,130,4.3,55,3.6,470,25.8,55.3,ripe,synthetic_v0,simulated; ranges are estimates
24,2026-06-13_AM,APPLE_01,apple,2026-06-13T06:00:00,12.0,room,77,34,114,5.7,43,2.4,308,27.2,53.0,ripe,synthetic_v0,simulated; ranges are estimates
25,2026-06-13_PM,APPLE_01,apple,2026-06-13T18:00:00,12.5,room,75,25,150,9.7,32,8.4,350,26.2,57.1,ripe,synthetic_v0,simulated; ranges are estimates
26,2026-06-14_AM,APPLE_01,apple,2026-06-14T06:00:00,13.0,room,75,35,110,6.9,46,3.4,426,27.8,49.0,ripe,synthetic_v0,simulated; ranges are estimates
27,2026-06-14_PM,APPLE_01,apple,2026-06-14T18:00:00,13.5,room,73,29,116,6.3,47,4.5,435,28.1,60.0,ripe,synthetic_v0,simulated; ranges are estimates
28,2026-06-15_AM,APPLE_01,apple,2026-06-15T06:00:00,14.0,room,70,30,171,6.8,116,2.9,339,26.3,69.5,overripe,synthetic_v0,simulated; ranges are estimates
29,2026-06-15_PM,APPLE_01,apple,2026-06-15T18:00:00,14.5,room,74,31,203,5.1,87,4.4,219,28.1,57.7,overripe,synthetic_v0,simulated; ranges are estimates
30,2026-06-16_AM,APPLE_01,apple,2026-06-16T06:00:00,15.0,room,71,28,178,5.5,103,4.3,154,28.4,57.0,overripe,synthetic_v0,simulated; ranges are estimates
31,2026-06-16_PM,APPLE_01,apple,2026-06-16T18:00:00,15.5,room,64,30,133,5.9,98,2.4,254,27.5,70.4,overripe,synthetic_v0,simulated; ranges are estimates
32,2026-06-17_AM,APPLE_01,apple,2026-06-17T06:00:00,16.0,room,72,34,385,6.9,181,5.2,213,27.6,60.5,rotten,synthetic_v0,simulated; ranges are estimates
33,2026-06-17_PM,APPLE_01,apple,2026-06-17T18:00:00,16.5,room,67,32,353,7.5,148,6.7,187,29.1,47.4,rotten,synthetic_v0,simulated; ranges are estimates
34,2026-06-18_AM,APPLE_01,apple,2026-06-18T06:00:00,17.0,room,68,25,258,4.6,227,2.5,163,28.0,50.3,rotten,synthetic_v0,simulated; ranges are estimates
35,2026-06-18_PM,APPLE_01,apple,2026-06-18T18:00:00,17.5,room,65,29,342,6.1,39,4.6,148,30.4,43.5,rotten,synthetic_v0,simulated; ranges are estimates
36,2026-06-19_AM,APPLE_01,apple,2026-06-19T06:00:00,18.0,room,64,29,177,7.7,230,3.1,151,29.2,68.5,rotten,synthetic_v0,simulated; ranges are estimates
37,2026-06-19_PM,APPLE_01,apple,2026-06-19T18:00:00,18.5,room,67,28,236,6.8,148,5.5,128,26.4,59.0,rotten,synthetic_v0,simulated; ranges are estimates
38,2026-06-20_AM,APPLE_01,apple,2026-06-20T06:00:00,19.0,room,71,25,239,6.0,160,6.0,172,29.3,66.7,rotten,synthetic_v0,simulated; ranges are estimates
39,2026-06-20_PM,APPLE_01,apple,2026-06-20T18:00:00,19.5,room,67,34,153,6.2,244,6.0,114,25.6,50.0,rotten,synthetic_v0,simulated; ranges are estimates
40,2026-06-01_AM,APPLE_02,apple,2026-06-01T06:00:00,0.0,room,71,21,72,6.9,23,5.1,494,28.2,66.1,fresh,synthetic_v0,simulated; ranges are estimates
41,2026-06-01_PM,APPLE_02,apple,2026-06-01T18:00:00,0.5,room,71,27,84,5.2,32,4.8,553,27.6,59.1,fresh,synthetic_v0,simulated; ranges are estimates
42,2026-06-02_AM,APPLE_02,apple,2026-06-02T06:00:00,1.0,room,75,20,81,4.6,20,5.1,408,27.6,61.6,fresh,synthetic_v0,simulated; ranges are estimates
43,2026-06-02_PM,APPLE_02,apple,2026-06-02T18:00:00,1.5,room,76,30,98,4.8,35,1.8,477,26.7,57.1,fresh,synthetic_v0,simulated; ranges are estimates
44,2026-06-03_AM,APPLE_02,apple,2026-06-03T06:00:00,2.0,room,76,32,82,6.9,35,3.8,468,25.3,67.4,fresh,synthetic_v0,simulated; ranges are estimates
45,2026-06-03_PM,APPLE_02,apple,2026-06-03T18:00:00,2.5,room,71,25,82,6.7,30,4.5,507,30.0,57.3,fresh,synthetic_v0,simulated; ranges are estimates
46,2026-06-04_AM,APPLE_02,apple,2026-06-04T06:00:00,3.0,room,69,30,79,5.7,35,4.5,533,30.9,76.6,fresh,synthetic_v0,simulated; ranges are estimates
47,2026-06-04_PM,APPLE_02,apple,2026-06-04T18:00:00,3.5,room,75,28,87,6.6,35,2.7,514,25.6,43.4,fresh,synthetic_v0,simulated; ranges are estimates
48,2026-06-05_AM,APPLE_02,apple,2026-06-05T06:00:00,4.0,room,71,26,82,4.1,32,4.5,566,27.4,57.7,fresh,synthetic_v0,simulated; ranges are estimates
49,2026-06-05_PM,APPLE_02,apple,2026-06-05T18:00:00,4.5,room,76,30,96,11.2,33,4.3,516,30.1,60.7,fresh,synthetic_v0,simulated; ranges are estimates
50,2026-06-06_AM,APPLE_02,apple,2026-06-06T06:00:00,5.0,room,79,28,90,4.3,29,5.0,535,29.6,62.9,fresh,synthetic_v0,simulated; ranges are estimates
51,2026-06-06_PM,APPLE_02,apple,2026-06-06T18:00:00,5.5,room,76,30,95,2.0,32,1.8,500,30.0,67.2,fresh,synthetic_v0,simulated; ranges are estimates
52,2026-06-07_AM,APPLE_02,apple,2026-06-07T06:00:00,6.0,room,75,24,76,6.9,26,3.2,627,28.7,47.5,fresh,synthetic_v0,simulated; ranges are estimates
53,2026-06-07_PM,APPLE_02,apple,2026-06-07T18:00:00,6.5,room,76,29,95,4.6,35,5.3,546,30.4,52.2,fresh,synthetic_v0,simulated; ranges are estimates
54,2026-06-08_AM,APPLE_02,apple,2026-06-08T06:00:00,7.0,room,74,33,109,8.9,49,4.2,387,28.4,72.5,ripe,synthetic_v0,simulated; ranges are estimates
55,2026-06-08_PM,APPLE_02,apple,2026-06-08T18:00:00,7.5,room,76,26,120,4.9,32,5.7,431,24.4,53.7,ripe,synthetic_v0,simulated; ranges are estimates
56,2026-06-09_AM,APPLE_02,apple,2026-06-09T06:00:00,8.0,room,71,27,110,5.7,36,4.3,395,26.5,65.7,ripe,synthetic_v0,simulated; ranges are estimates
57,2026-06-09_PM,APPLE_02,apple,2026-06-09T18:00:00,8.5,room,81,31,123,5.4,52,2.9,401,26.5,50.0,ripe,synthetic_v0,simulated; ranges are estimates
58,2026-06-10_AM,APPLE_02,apple,2026-06-10T06:00:00,9.0,room,74,30,114,7.8,39,5.1,373,27.8,54.8,ripe,synthetic_v0,simulated; ranges are estimates
59,2026-06-10_PM,APPLE_02,apple,2026-06-10T18:00:00,9.5,room,80,30,117,6.4,43,1.8,368,30.0,70.0,ripe,synthetic_v0,simulated; ranges are estimates
60,2026-06-11_AM,APPLE_02,apple,2026-06-11T06:00:00,10.0,room,76,31,108,3.9,51,5.1,263,31.0,50.6,overripe,synthetic_v0,simulated; ranges are estimates
61,2026-06-11_PM,APPLE_02,apple,2026-06-11T18:00:00,10.5,room,74,31,135,2.7,75,2.1,360,27.4,55.8,overripe,synthetic_v0,simulated; ranges are estimates
62,2026-06-12_AM,APPLE_02,apple,2026-06-12T06:00:00,11.0,room,80,31,125,8.5,75,3.1,250,27.0,64.3,overripe,synthetic_v0,simulated; ranges are estimates
63,2026-06-12_PM,APPLE_02,apple,2026-06-12T18:00:00,11.5,room,80,31,172,3.2,54,4.7,287,26.8,49.7,overripe,synthetic_v0,simulated; ranges are estimates
64,2026-06-13_AM,APPLE_02,apple,2026-06-13T06:00:00,12.0,room,78,31,147,6.1,88,4.4,256,27.1,63.8,overripe,synthetic_v0,simulated; ranges are estimates
65,2026-06-13_PM,APPLE_02,apple,2026-06-13T18:00:00,12.5,room,73,29,137,11.1,34,3.4,350,25.1,57.5,overripe,synthetic_v0,simulated; ranges are estimates
66,2026-06-14_AM,APPLE_02,apple,2026-06-14T06:00:00,13.0,room,73,29,188,3.0,150,5.0,162,31.1,61.4,rotten,synthetic_v0,simulated; ranges are estimates
67,2026-06-14_PM,APPLE_02,apple,2026-06-14T18:00:00,13.5,room,73,29,156,9.7,137,3.7,120,30.5,51.2,rotten,synthetic_v0,simulated; ranges are estimates
68,2026-06-15_AM,APPLE_02,apple,2026-06-15T06:00:00,14.0,room,75,31,204,5.4,135,1.5,194,28.0,52.8,rotten,synthetic_v0,simulated; ranges are estimates
69,2026-06-15_PM,APPLE_02,apple,2026-06-15T18:00:00,14.5,room,71,29,159,2.0,147,5.2,114,28.4,54.3,rotten,synthetic_v0,simulated; ranges are estimates
70,2026-06-16_AM,APPLE_02,apple,2026-06-16T06:00:00,15.0,room,66,32,263,6.8,225,3.7,157,29.2,65.0,rotten,synthetic_v0,simulated; ranges are estimates
71,2026-06-16_PM,APPLE_02,apple,2026-06-16T18:00:00,15.5,room,76,28,229,5.1,159,3.4,207,28.5,58.0,rotten,synthetic_v0,simulated; ranges are estimates
72,2026-06-17_AM,APPLE_02,apple,2026-06-17T06:00:00,16.0,room,73,22,204,4.1,87,2.6,31,27.7,68.9,rotten,synthetic_v0,simulated; ranges are estimates
73,2026-06-17_PM,APPLE_02,apple,2026-06-17T18:00:00,16.5,room,69,26,309,7.1,86,3.7,96,29.0,59.9,rotten,synthetic_v0,simulated; ranges are estimates
74,2026-06-01_AM,APPLE_03,apple,2026-06-01T06:00:00,0.0,room,65,20,86,5.8,23,5.7,456,24.6,48.0,fresh,synthetic_v0,simulated; ranges are estimates
75,2026-06-01_PM,APPLE_03,apple,2026-06-01T18:00:00,0.5,room,66,29,91,6.9,33,4.1,452,28.8,58.5,fresh,synthetic_v0,simulated; ranges are estimates
76,2026-06-02_AM,APPLE_03,apple,2026-06-02T06:00:00,1.0,room,73,26,94,2.0,31,5.5,429,29.8,51.8,fresh,synthetic_v0,simulated; ranges are estimates
77,2026-06-02_PM,APPLE_03,apple,2026-06-02T18:00:00,1.5,room,64,26,96,4.2,34,4.0,485,27.6,51.9,fresh,synthetic_v0,simulated; ranges are estimates
78,2026-06-03_AM,APPLE_03,apple,2026-06-03T06:00:00,2.0,room,81,32,105,7.3,33,4.7,540,29.9,65.1,fresh,synthetic_v0,simulated; ranges are estimates
79,2026-06-03_PM,APPLE_03,apple,2026-06-03T18:00:00,2.5,room,76,28,84,3.4,35,6.5,477,30.6,70.9,fresh,synthetic_v0,simulated; ranges are estimates
80,2026-06-04_AM,APPLE_03,apple,2026-06-04T06:00:00,3.0,room,76,31,92,6.8,35,4.1,453,26.0,59.6,fresh,synthetic_v0,simulated; ranges are estimates
81,2026-06-04_PM,APPLE_03,apple,2026-06-04T18:00:00,3.5,room,74,32,94,5.6,40,2.4,504,27.8,54.0,fresh,synthetic_v0,simulated; ranges are estimates
82,2026-06-05_AM,APPLE_03,apple,2026-06-05T06:00:00,4.0,room,71,29,90,8.0,30,5.6,497,29.5,60.3,fresh,synthetic_v0,simulated; ranges are estimates
83,2026-06-05_PM,APPLE_03,apple,2026-06-05T18:00:00,4.5,room,72,24,94,5.7,34,2.1,551,27.5,61.7,fresh,synthetic_v0,simulated; ranges are estimates
84,2026-06-06_AM,APPLE_03,apple,2026-06-06T06:00:00,5.0,room,76,27,94,6.6,29,3.4,474,28.4,62.2,fresh,synthetic_v0,simulated; ranges are estimates
85,2026-06-06_PM,APPLE_03,apple,2026-06-06T18:00:00,5.5,room,72,27,85,6.1,30,4.0,419,27.8,69.7,fresh,synthetic_v0,simulated; ranges are estimates
86,2026-06-07_AM,APPLE_03,apple,2026-06-07T06:00:00,6.0,room,67,30,93,4.5,31,2.7,485,27.5,71.4,fresh,synthetic_v0,simulated; ranges are estimates
87,2026-06-07_PM,APPLE_03,apple,2026-06-07T18:00:00,6.5,room,85,28,106,6.3,40,4.5,498,32.8,66.8,fresh,synthetic_v0,simulated; ranges are estimates
88,2026-06-08_AM,APPLE_03,apple,2026-06-08T06:00:00,7.0,room,75,32,119,6.1,42,4.4,431,28.0,62.7,ripe,synthetic_v0,simulated; ranges are estimates
89,2026-06-08_PM,APPLE_03,apple,2026-06-08T18:00:00,7.5,room,80,23,119,6.2,32,3.0,392,29.2,49.3,ripe,synthetic_v0,simulated; ranges are estimates
90,2026-06-09_AM,APPLE_03,apple,2026-06-09T06:00:00,8.0,room,76,28,125,7.4,42,4.1,354,25.2,44.3,ripe,synthetic_v0,simulated; ranges are estimates
91,2026-06-09_PM,APPLE_03,apple,2026-06-09T18:00:00,8.5,room,78,29,129,3.8,46,2.2,433,26.4,62.3,ripe,synthetic_v0,simulated; ranges are estimates
92,2026-06-10_AM,APPLE_03,apple,2026-06-10T06:00:00,9.0,room,83,29,99,4.9,32,3.4,361,28.1,57.5,ripe,synthetic_v0,simulated; ranges are estimates
93,2026-06-10_PM,APPLE_03,apple,2026-06-10T18:00:00,9.5,room,82,28,139,6.2,35,3.8,410,30.4,55.0,ripe,synthetic_v0,simulated; ranges are estimates
94,2026-06-11_AM,APPLE_03,apple,2026-06-11T06:00:00,10.0,room,86,29,159,4.5,79,4.6,221,28.8,55.0,overripe,synthetic_v0,simulated; ranges are estimates
95,2026-06-11_PM,APPLE_03,apple,2026-06-11T18:00:00,10.5,room,81,33,208,5.4,113,2.7,185,28.2,55.4,overripe,synthetic_v0,simulated; ranges are estimates
96,2026-06-12_AM,APPLE_03,apple,2026-06-12T06:00:00,11.0,room,76,36,180,6.2,93,4.0,259,28.7,69.3,overripe,synthetic_v0,simulated; ranges are estimates
97,2026-06-12_PM,APPLE_03,apple,2026-06-12T18:00:00,11.5,room,83,31,164,7.7,82,4.3,311,29.3,63.9,overripe,synthetic_v0,simulated; ranges are estimates
98,2026-06-13_AM,APPLE_03,apple,2026-06-13T06:00:00,12.0,room,80,31,292,6.8,179,1.5,3,25.4,63.6,rotten,synthetic_v0,simulated; ranges are estimates
99,2026-06-13_PM,APPLE_03,apple,2026-06-13T18:00:00,12.5,room,77,26,422,6.0,133,4.6,235,30.4,61.0,rotten,synthetic_v0,simulated; ranges are estimates
100,2026-06-14_AM,APPLE_03,apple,2026-06-14T06:00:00,13.0,room,70,29,306,4.5,86,5.4,123,28.1,57.7,rotten,synthetic_v0,simulated; ranges are estimates
101,2026-06-14_PM,APPLE_03,apple,2026-06-14T18:00:00,13.5,room,74,30,240,5.2,108,1.9,184,28.7,63.7,rotten,synthetic_v0,simulated; ranges are estimates
102,2026-06-15_AM,APPLE_03,apple,2026-06-15T06:00:00,14.0,room,67,30,361,3.2,181,4.5,163,27.5,56.1,rotten,synthetic_v0,simulated; ranges are estimates
103,2026-06-15_PM,APPLE_03,apple,2026-06-15T18:00:00,14.5,room,76,34,419,7.5,163,4.2,150,28.2,66.6,rotten,synthetic_v0,simulated; ranges are estimates
104,2026-06-01_AM,APPLE_04,apple,2026-06-01T06:00:00,0.0,room,70,26,89,6.8,28,2.1,554,30.2,56.0,fresh,synthetic_v0,simulated; ranges are estimates
105,2026-06-01_PM,APPLE_04,apple,2026-06-01T18:00:00,0.5,room,63,22,81,7.2,26,4.5,504,28.5,63.3,fresh,synthetic_v0,simulated; ranges are estimates
106,2026-06-02_AM,APPLE_04,apple,2026-06-02T06:00:00,1.0,room,74,19,87,6.0,20,5.6,521,29.8,61.6,fresh,synthetic_v0,simulated; ranges are estimates
107,2026-06-02_PM,APPLE_04,apple,2026-06-02T18:00:00,1.5,room,70,27,87,7.6,35,5.0,493,26.6,67.8,fresh,synthetic_v0,simulated; ranges are estimates
108,2026-06-03_AM,APPLE_04,apple,2026-06-03T06:00:00,2.0,room,76,27,86,7.1,28,2.6,494,28.7,50.1,fresh,synthetic_v0,simulated; ranges are estimates
109,2026-06-03_PM,APPLE_04,apple,2026-06-03T18:00:00,2.5,room,72,27,84,6.8,38,4.2,526,28.7,58.8,fresh,synthetic_v0,simulated; ranges are estimates
110,2026-06-04_AM,APPLE_04,apple,2026-06-04T06:00:00,3.0,room,80,26,102,3.9,27,4.7,516,30.2,59.4,fresh,synthetic_v0,simulated; ranges are estimates
111,2026-06-04_PM,APPLE_04,apple,2026-06-04T18:00:00,3.5,room,74,24,82,8.6,28,8.2,530,27.1,71.5,fresh,synthetic_v0,simulated; ranges are estimates
112,2026-06-05_AM,APPLE_04,apple,2026-06-05T06:00:00,4.0,room,77,27,94,5.2,30,1.9,524,25.7,65.2,fresh,synthetic_v0,simulated; ranges are estimates
113,2026-06-05_PM,APPLE_04,apple,2026-06-05T18:00:00,4.5,room,75,26,97,8.5,32,6.4,489,28.7,67.8,fresh,synthetic_v0,simulated; ranges are estimates
114,2026-06-06_AM,APPLE_04,apple,2026-06-06T06:00:00,5.0,room,82,32,100,3.8,36,5.1,543,26.0,53.6,fresh,synthetic_v0,simulated; ranges are estimates
115,2026-06-06_PM,APPLE_04,apple,2026-06-06T18:00:00,5.5,room,82,31,100,6.2,36,4.1,508,29.7,57.1,fresh,synthetic_v0,simulated; ranges are estimates
116,2026-06-07_AM,APPLE_04,apple,2026-06-07T06:00:00,6.0,room,79,26,96,5.5,29,3.7,484,27.6,74.2,fresh,synthetic_v0,simulated; ranges are estimates
117,2026-06-07_PM,APPLE_04,apple,2026-06-07T18:00:00,6.5,room,77,28,88,8.8,31,3.8,487,29.9,60.5,fresh,synthetic_v0,simulated; ranges are estimates
118,2026-06-08_AM,APPLE_04,apple,2026-06-08T06:00:00,7.0,room,78,29,93,2.0,35,3.2,412,28.0,65.5,fresh,synthetic_v0,simulated; ranges are estimates
119,2026-06-08_PM,APPLE_04,apple,2026-06-08T18:00:00,7.5,room,80,28,105,6.5,35,3.2,564,29.0,60.9,fresh,synthetic_v0,simulated; ranges are estimates
120,2026-06-09_AM,APPLE_04,apple,2026-06-09T06:00:00,8.0,room,78,34,79,5.3,34,3.6,464,25.7,52.1,fresh,synthetic_v0,simulated; ranges are estimates
121,2026-06-09_PM,APPLE_04,apple,2026-06-09T18:00:00,8.5,room,75,37,92,2.2,44,3.8,466,26.5,59.3,fresh,synthetic_v0,simulated; ranges are estimates
122,2026-06-10_AM,APPLE_04,apple,2026-06-10T06:00:00,9.0,room,71,28,87,3.4,31,5.3,539,26.8,65.1,fresh,synthetic_v0,simulated; ranges are estimates
123,2026-06-10_PM,APPLE_04,apple,2026-06-10T18:00:00,9.5,room,78,26,98,9.1,33,5.5,513,27.6,66.0,fresh,synthetic_v0,simulated; ranges are estimates
124,2026-06-11_AM,APPLE_04,apple,2026-06-11T06:00:00,10.0,room,85,36,115,3.9,43,2.0,470,27.3,63.4,ripe,synthetic_v0,simulated; ranges are estimates
125,2026-06-11_PM,APPLE_04,apple,2026-06-11T18:00:00,10.5,room,77,28,115,6.6,38,5.3,503,27.3,58.5,ripe,synthetic_v0,simulated; ranges are estimates
126,2026-06-12_AM,APPLE_04,apple,2026-06-12T06:00:00,11.0,room,74,22,102,3.6,25,6.0,314,27.9,70.3,ripe,synthetic_v0,simulated; ranges are estimates
127,2026-06-12_PM,APPLE_04,apple,2026-06-12T18:00:00,11.5,room,78,32,131,7.1,50,4.8,384,27.2,51.0,ripe,synthetic_v0,simulated; ranges are estimates
128,2026-06-13_AM,APPLE_04,apple,2026-06-13T06:00:00,12.0,room,71,30,119,7.1,38,4.9,409,30.3,70.2,ripe,synthetic_v0,simulated; ranges are estimates
129,2026-06-13_PM,APPLE_04,apple,2026-06-13T18:00:00,12.5,room,71,35,131,2.4,50,3.7,391,25.7,67.7,ripe,synthetic_v0,simulated; ranges are estimates
130,2026-06-14_AM,APPLE_04,apple,2026-06-14T06:00:00,13.0,room,80,27,128,7.5,36,3.9,382,30.6,56.1,ripe,synthetic_v0,simulated; ranges are estimates
131,2026-06-14_PM,APPLE_04,apple,2026-06-14T18:00:00,13.5,room,78,30,121,4.3,46,5.0,403,29.0,64.7,ripe,synthetic_v0,simulated; ranges are estimates
132,2026-06-15_AM,APPLE_04,apple,2026-06-15T06:00:00,14.0,room,79,34,169,6.0,85,3.1,249,30.4,62.9,overripe,synthetic_v0,simulated; ranges are estimates
133,2026-06-15_PM,APPLE_04,apple,2026-06-15T18:00:00,14.5,room,72,33,122,6.5,93,2.0,281,28.0,76.0,overripe,synthetic_v0,simulated; ranges are estimates
134,2026-06-16_AM,APPLE_04,apple,2026-06-16T06:00:00,15.0,room,74,30,163,6.5,67,5.3,179,25.6,54.7,overripe,synthetic_v0,simulated; ranges are estimates
135,2026-06-16_PM,APPLE_04,apple,2026-06-16T18:00:00,15.5,room,66,26,117,5.5,85,1.5,313,26.5,69.9,overripe,synthetic_v0,simulated; ranges are estimates
136,2026-06-17_AM,APPLE_04,apple,2026-06-17T06:00:00,16.0,room,58,28,195,6.8,187,4.8,108,30.8,58.4,rotten,synthetic_v0,simulated; ranges are estimates
137,2026-06-17_PM,APPLE_04,apple,2026-06-17T18:00:00,16.5,room,71,24,241,2.9,120,4.3,138,29.5,62.3,rotten,synthetic_v0,simulated; ranges are estimates
138,2026-06-18_AM,APPLE_04,apple,2026-06-18T06:00:00,17.0,room,62,28,332,7.8,54,4.4,89,28.6,74.9,rotten,synthetic_v0,simulated; ranges are estimates
139,2026-06-18_PM,APPLE_04,apple,2026-06-18T18:00:00,17.5,room,70,30,279,6.9,115,3.2,159,26.5,78.5,rotten,synthetic_v0,simulated; ranges are estimates
140,2026-06-19_AM,APPLE_04,apple,2026-06-19T06:00:00,18.0,room,68,26,350,7.1,139,2.1,127,28.5,75.3,rotten,synthetic_v0,simulated; ranges are estimates
141,2026-06-19_PM,APPLE_04,apple,2026-06-19T18:00:00,18.5,room,68,27,261,7.8,136,1.5,122,29.3,57.0,rotten,synthetic_v0,simulated; ranges are estimates
142,2026-06-01_AM,APPLE_05,apple,2026-06-01T06:00:00,0.0,room,74,20,95,6.0,24,4.5,426,28.8,61.4,fresh,synthetic_v0,simulated; ranges are estimates
143,2026-06-01_PM,APPLE_05,apple,2026-06-01T18:00:00,0.5,room,71,29,73,2.5,36,4.1,490,29.9,51.3,fresh,synthetic_v0,simulated; ranges are estimates
144,2026-06-02_AM,APPLE_05,apple,2026-06-02T06:00:00,1.0,room,73,23,84,6.9,29,1.5,473,30.8,64.8,fresh,synthetic_v0,simulated; ranges are estimates
145,2026-06-02_PM,APPLE_05,apple,2026-06-02T18:00:00,1.5,room,71,27,96,5.0,31,3.1,488,29.0,62.0,fresh,synthetic_v0,simulated; ranges are estimates
146,2026-06-03_AM,APPLE_05,apple,2026-06-03T06:00:00,2.0,room,76,26,95,2.9,29,5.9,596,30.1,53.2,fresh,synthetic_v0,simulated; ranges are estimates
147,2026-06-03_PM,APPLE_05,apple,2026-06-03T18:00:00,2.5,room,82,29,102,6.8,36,6.1,488,28.3,52.7,fresh,synthetic_v0,simulated; ranges are estimates
148,2026-06-04_AM,APPLE_05,apple,2026-06-04T06:00:00,3.0,room,78,30,98,4.1,35,2.7,485,25.5,61.9,fresh,synthetic_v0,simulated; ranges are estimates
149,2026-06-04_PM,APPLE_05,apple,2026-06-04T18:00:00,3.5,room,74,26,82,6.7,31,1.9,467,30.2,58.8,fresh,synthetic_v0,simulated; ranges are estimates
150,2026-06-05_AM,APPLE_05,apple,2026-06-05T06:00:00,4.0,room,77,35,102,5.3,37,4.8,471,27.8,56.8,fresh,synthetic_v0,simulated; ranges are estimates
151,2026-06-05_PM,APPLE_05,apple,2026-06-05T18:00:00,4.5,room,82,27,103,7.9,40,2.9,513,26.7,63.7,fresh,synthetic_v0,simulated; ranges are estimates
152,2026-06-06_AM,APPLE_05,apple,2026-06-06T06:00:00,5.0,room,81,28,88,2.5,29,4.2,434,29.7,59.9,fresh,synthetic_v0,simulated; ranges are estimates
153,2026-06-06_PM,APPLE_05,apple,2026-06-06T18:00:00,5.5,room,68,28,99,9.4,31,4.7,480,28.8,60.9,fresh,synthetic_v0,simulated; ranges are estimates
154,2026-06-07_AM,APPLE_05,apple,2026-06-07T06:00:00,6.0,room,79,31,89,6.7,36,4.3,436,27.1,59.8,fresh,synthetic_v0,simulated; ranges are estimates
155,2026-06-07_PM,APPLE_05,apple,2026-06-07T18:00:00,6.5,room,75,26,86,7.4,32,2.2,446,27.2,55.0,fresh,synthetic_v0,simulated; ranges are estimates
156,2026-06-08_AM,APPLE_05,apple,2026-06-08T06:00:00,7.0,room,83,30,128,5.9,45,7.0,306,28.2,60.5,ripe,synthetic_v0,simulated; ranges are estimates
157,2026-06-08_PM,APPLE_05,apple,2026-06-08T18:00:00,7.5,room,80,32,107,8.6,47,3.5,362,25.1,49.9,ripe,synthetic_v0,simulated; ranges are estimates
158,2026-06-09_AM,APPLE_05,apple,2026-06-09T06:00:00,8.0,room,67,29,112,8.4,39,3.7,433,24.8,64.9,ripe,synthetic_v0,simulated; ranges are estimates
159,2026-06-09_PM,APPLE_05,apple,2026-06-09T18:00:00,8.5,room,80,30,117,7.5,57,1.5,352,26.6,72.1,ripe,synthetic_v0,simulated; ranges are estimates
160,2026-06-10_AM,APPLE_05,apple,2026-06-10T06:00:00,9.0,room,77,32,127,5.5,44,1.5,445,26.8,64.4,ripe,synthetic_v0,simulated; ranges are estimates
161,2026-06-10_PM,APPLE_05,apple,2026-06-10T18:00:00,9.5,room,79,25,121,4.7,38,2.9,335,29.2,66.5,ripe,synthetic_v0,simulated; ranges are estimates
162,2026-06-11_AM,APPLE_05,apple,2026-06-11T06:00:00,10.0,room,77,29,185,4.1,60,3.0,215,26.3,61.3,overripe,synthetic_v0,simulated; ranges are estimates
163,2026-06-11_PM,APPLE_05,apple,2026-06-11T18:00:00,10.5,room,80,25,182,3.1,82,2.1,266,28.0,68.2,overripe,synthetic_v0,simulated; ranges are estimates
164,2026-06-12_AM,APPLE_05,apple,2026-06-12T06:00:00,11.0,room,68,31,203,4.6,75,3.8,291,25.6,41.2,overripe,synthetic_v0,simulated; ranges are estimates
165,2026-06-12_PM,APPLE_05,apple,2026-06-12T18:00:00,11.5,room,80,27,151,4.5,50,4.6,258,28.7,62.6,overripe,synthetic_v0,simulated; ranges are estimates
166,2026-06-13_AM,APPLE_05,apple,2026-06-13T06:00:00,12.0,room,76,35,153,8.5,81,1.9,316,27.5,70.9,overripe,synthetic_v0,simulated; ranges are estimates
167,2026-06-13_PM,APPLE_05,apple,2026-06-13T18:00:00,12.5,room,77,31,175,5.9,86,4.1,255,27.0,64.3,overripe,synthetic_v0,simulated; ranges are estimates
168,2026-06-14_AM,APPLE_05,apple,2026-06-14T06:00:00,13.0,room,86,24,339,6.1,110,5.1,159,29.8,61.5,rotten,synthetic_v0,simulated; ranges are estimates
169,2026-06-14_PM,APPLE_05,apple,2026-06-14T18:00:00,13.5,room,79,23,341,4.3,209,4.2,79,28.0,62.3,rotten,synthetic_v0,simulated; ranges are estimates
170,2026-06-15_AM,APPLE_05,apple,2026-06-15T06:00:00,14.0,room,77,24,378,3.1,150,4.8,124,24.4,65.2,rotten,synthetic_v0,simulated; ranges are estimates
171,2026-06-15_PM,APPLE_05,apple,2026-06-15T18:00:00,14.5,room,67,30,385,5.0,149,5.9,102,28.8,56.9,rotten,synthetic_v0,simulated; ranges are estimates
172,2026-06-16_AM,APPLE_05,apple,2026-06-16T06:00:00,15.0,room,70,25,329,6.3,58,7.6,166,26.3,59.2,rotten,synthetic_v0,simulated; ranges are estimates
173,2026-06-16_PM,APPLE_05,apple,2026-06-16T18:00:00,15.5,room,78,33,327,4.6,161,3.9,146,25.6,61.1,rotten,synthetic_v0,simulated; ranges are estimates
174,2026-06-17_AM,APPLE_05,apple,2026-06-17T06:00:00,16.0,room,71,28,183,4.5,205,3.6,149,25.7,51.8,rotten,synthetic_v0,simulated; ranges are estimates
175,2026-06-17_PM,APPLE_05,apple,2026-06-17T18:00:00,16.5,room,67,32,347,5.7,132,5.3,144,27.2,47.4,rotten,synthetic_v0,simulated; ranges are estimates
176,2026-06-01_AM,APPLE_06,apple,2026-06-01T06:00:00,0.0,room,68,32,72,5.0,35,4.2,477,24.5,61.9,fresh,synthetic_v0,simulated; ranges are estimates
177,2026-06-01_PM,APPLE_06,apple,2026-06-01T18:00:00,0.5,room,78,24,99,2.0,29,5.0,503,27.8,51.9,fresh,synthetic_v0,simulated; ranges are estimates
178,2026-06-02_AM,APPLE_06,apple,2026-06-02T06:00:00,1.0,room,72,24,82,8.1,27,1.9,467,27.0,75.4,fresh,synthetic_v0,simulated; ranges are estimates
179,2026-06-02_PM,APPLE_06,apple,2026-06-02T18:00:00,1.5,room,76,26,88,5.8,31,4.0,532,27.7,48.5,fresh,synthetic_v0,simulated; ranges are estimates
180,2026-06-03_AM,APPLE_06,apple,2026-06-03T06:00:00,2.0,room,71,29,77,6.2,31,3.4,491,30.2,64.1,fresh,synthetic_v0,simulated; ranges are estimates
181,2026-06-03_PM,APPLE_06,apple,2026-06-03T18:00:00,2.5,room,68,28,80,7.8,34,2.8,507,27.1,54.7,fresh,synthetic_v0,simulated; ranges are estimates
182,2026-06-04_AM,APPLE_06,apple,2026-06-04T06:00:00,3.0,room,72,30,88,3.9,36,4.1,638,26.2,53.8,fresh,synthetic_v0,simulated; ranges are estimates
183,2026-06-04_PM,APPLE_06,apple,2026-06-04T18:00:00,3.5,room,72,24,86,4.2,26,8.2,570,27.3,60.6,fresh,synthetic_v0,simulated; ranges are estimates
184,2026-06-05_AM,APPLE_06,apple,2026-06-05T06:00:00,4.0,room,71,33,89,6.4,36,2.3,466,30.2,66.5,fresh,synthetic_v0,simulated; ranges are estimates
185,2026-06-05_PM,APPLE_06,apple,2026-06-05T18:00:00,4.5,room,76,20,94,2.8,27,4.5,583,29.5,46.7,fresh,synthetic_v0,simulated; ranges are estimates
186,2026-06-06_AM,APPLE_06,apple,2026-06-06T06:00:00,5.0,room,77,29,88,5.3,30,3.8,515,27.2,56.5,fresh,synthetic_v0,simulated; ranges are estimates
187,2026-06-06_PM,APPLE_06,apple,2026-06-06T18:00:00,5.5,room,77,30,90,7.0,35,4.0,439,28.1,67.7,fresh,synthetic_v0,simulated; ranges are estimates
188,2026-06-07_AM,APPLE_06,apple,2026-06-07T06:00:00,6.0,room,70,23,84,5.1,25,5.0,538,29.4,63.9,fresh,synthetic_v0,simulated; ranges are estimates
189,2026-06-07_PM,APPLE_06,apple,2026-06-07T18:00:00,6.5,room,76,22,99,7.3,30,5.3,489,30.3,53.0,fresh,synthetic_v0,simulated; ranges are estimates
190,2026-06-08_AM,APPLE_06,apple,2026-06-08T06:00:00,7.0,room,77,31,90,7.2,32,4.1,550,28.3,57.9,fresh,synthetic_v0,simulated; ranges are estimates
191,2026-06-08_PM,APPLE_06,apple,2026-06-08T18:00:00,7.5,room,84,27,99,3.4,33,1.5,459,28.0,51.1,fresh,synthetic_v0,simulated; ranges are estimates
192,2026-06-09_AM,APPLE_06,apple,2026-06-09T06:00:00,8.0,room,76,32,108,7.3,43,4.7,404,27.0,58.7,ripe,synthetic_v0,simulated; ranges are estimates
193,2026-06-09_PM,APPLE_06,apple,2026-06-09T18:00:00,8.5,room,82,31,128,8.0,38,4.4,477,28.2,58.3,ripe,synthetic_v0,simulated; ranges are estimates
194,2026-06-10_AM,APPLE_06,apple,2026-06-10T06:00:00,9.0,room,81,29,120,4.8,42,2.2,393,26.4,45.4,ripe,synthetic_v0,simulated; ranges are estimates
195,2026-06-10_PM,APPLE_06,apple,2026-06-10T18:00:00,9.5,room,81,35,106,5.1,53,4.2,477,25.0,62.1,ripe,synthetic_v0,simulated; ranges are estimates
196,2026-06-11_AM,APPLE_06,apple,2026-06-11T06:00:00,10.0,room,73,31,95,4.4,43,2.3,460,24.8,57.9,ripe,synthetic_v0,simulated; ranges are estimates
197,2026-06-11_PM,APPLE_06,apple,2026-06-11T18:00:00,10.5,room,75,25,111,8.1,34,4.9,393,27.8,65.0,ripe,synthetic_v0,simulated; ranges are estimates
198,2026-06-12_AM,APPLE_06,apple,2026-06-12T06:00:00,11.0,room,72,30,158,4.4,61,4.8,305,28.8,36.7,overripe,synthetic_v0,simulated; ranges are estimates
199,2026-06-12_PM,APPLE_06,apple,2026-06-12T18:00:00,11.5,room,81,21,188,3.8,56,5.5,215,25.1,69.0,overripe,synthetic_v0,simulated; ranges are estimates
200,2026-06-13_AM,APPLE_06,apple,2026-06-13T06:00:00,12.0,room,75,26,146,7.5,49,1.5,325,27.4,53.1,overripe,synthetic_v0,simulated; ranges are estimates
201,2026-06-13_PM,APPLE_06,apple,2026-06-13T18:00:00,12.5,room,81,26,168,4.4,51,2.1,252,28.1,50.2,overripe,synthetic_v0,simulated; ranges are estimates
202,2026-06-14_AM,APPLE_06,apple,2026-06-14T06:00:00,13.0,room,65,29,111,4.3,55,7.0,241,28.1,62.0,overripe,synthetic_v0,simulated; ranges are estimates
203,2026-06-14_PM,APPLE_06,apple,2026-06-14T18:00:00,13.5,room,67,28,132,5.4,82,3.1,227,28.2,54.9,overripe,synthetic_v0,simulated; ranges are estimates
204,2026-06-15_AM,APPLE_06,apple,2026-06-15T06:00:00,14.0,room,72,29,212,5.8,149,3.4,153,29.2,58.1,rotten,synthetic_v0,simulated; ranges are estimates
205,2026-06-15_PM,APPLE_06,apple,2026-06-15T18:00:00,14.5,room,71,30,181,6.4,167,6.4,52,28.7,61.4,rotten,synthetic_v0,simulated; ranges are estimates
206,2026-06-16_AM,APPLE_06,apple,2026-06-16T06:00:00,15.0,room,69,29,238,6.4,97,2.8,128,26.8,49.1,rotten,synthetic_v0,simulated; ranges are estimates
207,2026-06-16_PM,APPLE_06,apple,2026-06-16T18:00:00,15.5,room,73,31,316,6.6,138,3.9,161,27.2,77.7,rotten,synthetic_v0,simulated; ranges are estimates
208,2026-06-17_AM,APPLE_06,apple,2026-06-17T06:00:00,16.0,room,68,27,277,8.2,137,3.9,76,26.3,69.5,rotten,synthetic_v0,simulated; ranges are estimates
209,2026-06-17_PM,APPLE_06,apple,2026-06-17T18:00:00,16.5,room,72,25,299,6.3,129,4.0,217,27.0,64.7,rotten,synthetic_v0,simulated; ranges are estimates
210,2026-06-01_AM,APPLE_07,apple,2026-06-01T06:00:00,0.0,room,70,21,76,6.4,25,3.3,431,30.0,56.1,fresh,synthetic_v0,simulated; ranges are estimates
211,2026-06-01_PM,APPLE_07,apple,2026-06-01T18:00:00,0.5,room,73,24,96,4.0,29,4.4,611,29.4,65.3,fresh,synthetic_v0,simulated; ranges are estimates
212,2026-06-02_AM,APPLE_07,apple,2026-06-02T06:00:00,1.0,room,79,23,86,7.0,24,4.2,594,26.3,66.1,fresh,synthetic_v0,simulated; ranges are estimates
213,2026-06-02_PM,APPLE_07,apple,2026-06-02T18:00:00,1.5,room,67,29,91,2.4,39,3.1,536,26.4,48.4,fresh,synthetic_v0,simulated; ranges are estimates
214,2026-06-03_AM,APPLE_07,apple,2026-06-03T06:00:00,2.0,room,80,27,98,7.9,30,4.0,552,28.8,58.4,fresh,synthetic_v0,simulated; ranges are estimates
215,2026-06-03_PM,APPLE_07,apple,2026-06-03T18:00:00,2.5,room,72,22,87,5.9,27,4.1,496,24.8,52.7,fresh,synthetic_v0,simulated; ranges are estimates
216,2026-06-04_AM,APPLE_07,apple,2026-06-04T06:00:00,3.0,room,76,28,85,7.6,32,3.9,612,27.3,55.0,fresh,synthetic_v0,simulated; ranges are estimates
217,2026-06-04_PM,APPLE_07,apple,2026-06-04T18:00:00,3.5,room,76,28,97,7.6,36,5.3,566,26.8,45.5,fresh,synthetic_v0,simulated; ranges are estimates
218,2026-06-05_AM,APPLE_07,apple,2026-06-05T06:00:00,4.0,room,82,28,87,5.4,30,3.2,599,30.1,51.6,fresh,synthetic_v0,simulated; ranges are estimates
219,2026-06-05_PM,APPLE_07,apple,2026-06-05T18:00:00,4.5,room,73,28,95,7.0,37,3.6,571,28.1,60.9,fresh,synthetic_v0,simulated; ranges are estimates
220,2026-06-06_AM,APPLE_07,apple,2026-06-06T06:00:00,5.0,room,78,31,97,6.1,34,4.0,520,28.3,77.7,fresh,synthetic_v0,simulated; ranges are estimates
221,2026-06-06_PM,APPLE_07,apple,2026-06-06T18:00:00,5.5,room,75,30,95,6.6,42,2.8,542,27.5,62.0,fresh,synthetic_v0,simulated; ranges are estimates
222,2026-06-07_AM,APPLE_07,apple,2026-06-07T06:00:00,6.0,room,81,30,105,11.4,33,4.6,544,26.9,54.4,fresh,synthetic_v0,simulated; ranges are estimates
223,2026-06-07_PM,APPLE_07,apple,2026-06-07T18:00:00,6.5,room,74,32,93,4.3,37,2.4,597,28.3,64.8,fresh,synthetic_v0,simulated; ranges are estimates
224,2026-06-08_AM,APPLE_07,apple,2026-06-08T06:00:00,7.0,room,79,27,99,4.1,28,6.0,535,29.0,64.8,fresh,synthetic_v0,simulated; ranges are estimates
225,2026-06-08_PM,APPLE_07,apple,2026-06-08T18:00:00,7.5,room,83,38,95,3.8,41,3.6,518,26.2,62.7,fresh,synthetic_v0,simulated; ranges are estimates
226,2026-06-09_AM,APPLE_07,apple,2026-06-09T06:00:00,8.0,room,78,31,97,10.2,35,4.4,542,25.2,52.0,fresh,synthetic_v0,simulated; ranges are estimates
227,2026-06-09_PM,APPLE_07,apple,2026-06-09T18:00:00,8.5,room,71,30,87,7.5,40,2.6,588,26.5,60.3,fresh,synthetic_v0,simulated; ranges are estimates
228,2026-06-10_AM,APPLE_07,apple,2026-06-10T06:00:00,9.0,room,78,24,93,4.4,27,3.2,550,27.7,60.7,fresh,synthetic_v0,simulated; ranges are estimates
229,2026-06-10_PM,APPLE_07,apple,2026-06-10T18:00:00,9.5,room,80,33,96,5.1,40,5.2,591,29.5,70.3,fresh,synthetic_v0,simulated; ranges are estimates
230,2026-06-11_AM,APPLE_07,apple,2026-06-11T06:00:00,10.0,room,84,27,100,4.7,31,1.8,556,28.1,53.9,fresh,synthetic_v0,simulated; ranges are estimates
231,2026-06-11_PM,APPLE_07,apple,2026-06-11T18:00:00,10.5,room,78,28,97,10.4,33,4.4,590,28.7,51.4,fresh,synthetic_v0,simulated; ranges are estimates
232,2026-06-12_AM,APPLE_07,apple,2026-06-12T06:00:00,11.0,room,71,35,107,5.8,42,2.6,439,27.5,69.8,ripe,synthetic_v0,simulated; ranges are estimates
233,2026-06-12_PM,APPLE_07,apple,2026-06-12T18:00:00,11.5,room,73,26,131,4.5,39,3.9,369,29.7,51.7,ripe,synthetic_v0,simulated; ranges are estimates
234,2026-06-13_AM,APPLE_07,apple,2026-06-13T06:00:00,12.0,room,75,32,92,6.7,50,4.4,387,29.6,64.4,ripe,synthetic_v0,simulated; ranges are estimates
235,2026-06-13_PM,APPLE_07,apple,2026-06-13T18:00:00,12.5,room,66,28,114,7.2,46,3.7,476,25.2,56.4,ripe,synthetic_v0,simulated; ranges are estimates
236,2026-06-14_AM,APPLE_07,apple,2026-06-14T06:00:00,13.0,room,76,27,131,2.0,44,2.1,446,30.8,55.6,ripe,synthetic_v0,simulated; ranges are estimates
237,2026-06-14_PM,APPLE_07,apple,2026-06-14T18:00:00,13.5,room,66,34,131,6.7,51,5.0,461,31.4,67.8,ripe,synthetic_v0,simulated; ranges are estimates
238,2026-06-15_AM,APPLE_07,apple,2026-06-15T06:00:00,14.0,room,66,31,128,8.3,50,5.4,421,31.9,54.0,ripe,synthetic_v0,simulated; ranges are estimates
239,2026-06-15_PM,APPLE_07,apple,2026-06-15T18:00:00,14.5,room,71,29,109,6.7,29,3.3,421,30.9,60.1,ripe,synthetic_v0,simulated; ranges are estimates
240,2026-06-16_AM,APPLE_07,apple,2026-06-16T06:00:00,15.0,room,76,30,134,6.1,44,4.7,502,28.5,57.7,ripe,synthetic_v0,simulated; ranges are estimates
241,2026-06-16_PM,APPLE_07,apple,2026-06-16T18:00:00,15.5,room,73,36,128,6.0,58,1.5,492,28.8,42.2,ripe,synthetic_v0,simulated; ranges are estimates
242,2026-06-17_AM,APPLE_07,apple,2026-06-17T06:00:00,16.0,room,75,29,208,6.5,60,3.9,223,27.3,60.7,overripe,synthetic_v0,simulated; ranges are estimates
243,2026-06-17_PM,APPLE_07,apple,2026-06-17T18:00:00,16.5,room,81,31,213,2.0,111,3.7,291,29.2,52.2,overripe,synthetic_v0,simulated; ranges are estimates
244,2026-06-18_AM,APPLE_07,apple,2026-06-18T06:00:00,17.0,room,67,26,213,7.2,88,3.9,333,28.3,50.5,overripe,synthetic_v0,simulated; ranges are estimates
245,2026-06-18_PM,APPLE_07,apple,2026-06-18T18:00:00,17.5,room,59,29,200,4.0,110,3.5,379,28.7,80.3,overripe,synthetic_v0,simulated; ranges are estimates
246,2026-06-19_AM,APPLE_07,apple,2026-06-19T06:00:00,18.0,room,72,31,168,3.8,62,3.6,340,27.8,72.7,overripe,synthetic_v0,simulated; ranges are estimates
247,2026-06-19_PM,APPLE_07,apple,2026-06-19T18:00:00,18.5,room,65,20,156,5.5,72,5.2,296,25.7,55.9,overripe,synthetic_v0,simulated; ranges are estimates
248,2026-06-20_AM,APPLE_07,apple,2026-06-20T06:00:00,19.0,room,68,25,181,5.9,187,1.5,206,29.1,46.7,rotten,synthetic_v0,simulated; ranges are estimates
249,2026-06-20_PM,APPLE_07,apple,2026-06-20T18:00:00,19.5,room,66,24,268,7.2,143,3.3,118,29.5,62.2,rotten,synthetic_v0,simulated; ranges are estimates
250,2026-06-21_AM,APPLE_07,apple,2026-06-21T06:00:00,20.0,room,61,24,172,2.0,166,3.2,132,26.6,72.6,rotten,synthetic_v0,simulated; ranges are estimates
251,2026-06-21_PM,APPLE_07,apple,2026-06-21T18:00:00,20.5,room,57,22,394,7.2,114,1.5,119,25.2,57.8,rotten,synthetic_v0,simulated; ranges are estimates
252,2026-06-01_AM,APPLE_08,apple,2026-06-01T06:00:00,0.0,room,78,23,96,8.1,31,2.5,463,28.2,58.1,fresh,synthetic_v0,simulated; ranges are estimates
253,2026-06-01_PM,APPLE_08,apple,2026-06-01T18:00:00,0.5,room,66,22,94,7.1,29,2.5,539,29.1,66.6,fresh,synthetic_v0,simulated; ranges are estimates
254,2026-06-02_AM,APPLE_08,apple,2026-06-02T06:00:00,1.0,room,82,25,97,4.9,30,3.4,575,28.8,53.4,fresh,synthetic_v0,simulated; ranges are estimates
255,2026-06-02_PM,APPLE_08,apple,2026-06-02T18:00:00,1.5,room,70,26,87,3.5,29,2.0,444,27.8,50.5,fresh,synthetic_v0,simulated; ranges are estimates
256,2026-06-03_AM,APPLE_08,apple,2026-06-03T06:00:00,2.0,room,70,24,85,6.0,31,3.3,567,27.4,62.6,fresh,synthetic_v0,simulated; ranges are estimates
257,2026-06-03_PM,APPLE_08,apple,2026-06-03T18:00:00,2.5,room,75,24,82,5.4,31,6.7,572,26.7,61.7,fresh,synthetic_v0,simulated; ranges are estimates
258,2026-06-04_AM,APPLE_08,apple,2026-06-04T06:00:00,3.0,room,74,27,91,8.8,31,4.0,576,29.2,54.4,fresh,synthetic_v0,simulated; ranges are estimates
259,2026-06-04_PM,APPLE_08,apple,2026-06-04T18:00:00,3.5,room,78,25,115,4.9,32,5.8,431,28.8,62.0,fresh,synthetic_v0,simulated; ranges are estimates
260,2026-06-05_AM,APPLE_08,apple,2026-06-05T06:00:00,4.0,room,80,29,106,6.7,35,5.4,608,27.5,55.2,fresh,synthetic_v0,simulated; ranges are estimates
261,2026-06-05_PM,APPLE_08,apple,2026-06-05T18:00:00,4.5,room,83,28,105,8.9,34,4.8,536,25.4,58.3,fresh,synthetic_v0,simulated; ranges are estimates
262,2026-06-06_AM,APPLE_08,apple,2026-06-06T06:00:00,5.0,room,84,28,89,5.9,36,3.4,568,29.6,55.7,fresh,synthetic_v0,simulated; ranges are estimates
263,2026-06-06_PM,APPLE_08,apple,2026-06-06T18:00:00,5.5,room,81,30,103,4.3,36,1.6,586,28.9,65.0,fresh,synthetic_v0,simulated; ranges are estimates
264,2026-06-07_AM,APPLE_08,apple,2026-06-07T06:00:00,6.0,room,79,30,95,5.0,35,3.5,533,31.0,46.1,fresh,synthetic_v0,simulated; ranges are estimates
265,2026-06-07_PM,APPLE_08,apple,2026-06-07T18:00:00,6.5,room,79,24,97,5.2,25,1.5,554,29.3,71.5,fresh,synthetic_v0,simulated; ranges are estimates
266,2026-06-08_AM,APPLE_08,apple,2026-06-08T06:00:00,7.0,room,84,30,102,8.3,37,2.6,616,28.3,63.5,fresh,synthetic_v0,simulated; ranges are estimates
267,2026-06-08_PM,APPLE_08,apple,2026-06-08T18:00:00,7.5,room,71,31,98,5.9,43,4.6,544,26.8,52.3,fresh,synthetic_v0,simulated; ranges are estimates
268,2026-06-09_AM,APPLE_08,apple,2026-06-09T06:00:00,8.0,room,83,34,94,6.7,40,4.7,531,29.5,60.7,fresh,synthetic_v0,simulated; ranges are estimates
269,2026-06-09_PM,APPLE_08,apple,2026-06-09T18:00:00,8.5,room,84,30,99,7.4,43,1.6,558,26.8,69.9,fresh,synthetic_v0,simulated; ranges are estimates
270,2026-06-10_AM,APPLE_08,apple,2026-06-10T06:00:00,9.0,room,79,24,104,5.8,26,4.3,603,29.8,52.8,fresh,synthetic_v0,simulated; ranges are estimates
271,2026-06-10_PM,APPLE_08,apple,2026-06-10T18:00:00,9.5,room,74,29,86,4.8,33,3.4,575,25.2,54.6,fresh,synthetic_v0,simulated; ranges are estimates
272,2026-06-11_AM,APPLE_08,apple,2026-06-11T06:00:00,10.0,room,77,33,120,4.6,57,6.3,391,28.3,55.6,ripe,synthetic_v0,simulated; ranges are estimates
273,2026-06-11_PM,APPLE_08,apple,2026-06-11T18:00:00,10.5,room,77,34,123,4.0,52,3.9,425,28.0,69.1,ripe,synthetic_v0,simulated; ranges are estimates
274,2026-06-12_AM,APPLE_08,apple,2026-06-12T06:00:00,11.0,room,81,29,132,7.2,47,3.9,396,26.5,52.3,ripe,synthetic_v0,simulated; ranges are estimates
275,2026-06-12_PM,APPLE_08,apple,2026-06-12T18:00:00,11.5,room,82,30,133,3.9,50,1.5,524,29.9,53.4,ripe,synthetic_v0,simulated; ranges are estimates
276,2026-06-13_AM,APPLE_08,apple,2026-06-13T06:00:00,12.0,room,75,28,133,6.9,37,2.5,413,26.9,57.2,ripe,synthetic_v0,simulated; ranges are estimates
277,2026-06-13_PM,APPLE_08,apple,2026-06-13T18:00:00,12.5,room,70,29,120,4.7,44,5.0,420,30.2,56.3,ripe,synthetic_v0,simulated; ranges are estimates
278,2026-06-14_AM,APPLE_08,apple,2026-06-14T06:00:00,13.0,room,76,29,206,2.5,116,4.7,311,29.8,58.2,overripe,synthetic_v0,simulated; ranges are estimates
279,2026-06-14_PM,APPLE_08,apple,2026-06-14T18:00:00,13.5,room,78,28,202,8.6,45,1.5,275,26.1,51.7,overripe,synthetic_v0,simulated; ranges are estimates
280,2026-06-15_AM,APPLE_08,apple,2026-06-15T06:00:00,14.0,room,72,28,233,6.3,102,4.6,311,26.7,66.9,overripe,synthetic_v0,simulated; ranges are estimates
281,2026-06-15_PM,APPLE_08,apple,2026-06-15T18:00:00,14.5,room,68,32,197,2.0,86,4.5,306,27.8,59.6,overripe,synthetic_v0,simulated; ranges are estimates
282,2026-06-16_AM,APPLE_08,apple,2026-06-16T06:00:00,15.0,room,74,29,240,6.2,163,4.2,147,29.6,51.3,rotten,synthetic_v0,simulated; ranges are estimates
283,2026-06-16_PM,APPLE_08,apple,2026-06-16T18:00:00,15.5,room,72,33,349,4.2,142,3.7,126,30.8,49.9,rotten,synthetic_v0,simulated; ranges are estimates
284,2026-06-17_AM,APPLE_08,apple,2026-06-17T06:00:00,16.0,room,65,25,469,5.2,140,2.6,142,27.6,79.7,rotten,synthetic_v0,simulated; ranges are estimates
285,2026-06-17_PM,APPLE_08,apple,2026-06-17T18:00:00,16.5,room,75,26,271,8.3,67,5.6,192,27.3,58.7,rotten,synthetic_v0,simulated; ranges are estimates
286,2026-06-01_AM,APPLE_09,apple,2026-06-01T06:00:00,0.0,room,70,28,79,7.5,33,5.3,599,27.0,47.1,fresh,synthetic_v0,simulated; ranges are estimates
287,2026-06-01_PM,APPLE_09,apple,2026-06-01T18:00:00,0.5,room,68,28,82,7.7,29,5.2,673,29.5,64.6,fresh,synthetic_v0,simulated; ranges are estimates
288,2026-06-02_AM,APPLE_09,apple,2026-06-02T06:00:00,1.0,room,71,25,84,5.1,34,4.7,611,26.5,72.0,fresh,synthetic_v0,simulated; ranges are estimates
289,2026-06-02_PM,APPLE_09,apple,2026-06-02T18:00:00,1.5,room,69,27,92,5.9,35,3.1,582,27.3,71.8,fresh,synthetic_v0,simulated; ranges are estimates
290,2026-06-03_AM,APPLE_09,apple,2026-06-03T06:00:00,2.0,room,73,24,86,7.1,30,3.6,617,28.9,54.9,fresh,synthetic_v0,simulated; ranges are estimates
291,2026-06-03_PM,APPLE_09,apple,2026-06-03T18:00:00,2.5,room,72,29,86,9.5,35,1.5,588,28.4,49.0,fresh,synthetic_v0,simulated; ranges are estimates
292,2026-06-04_AM,APPLE_09,apple,2026-06-04T06:00:00,3.0,room,72,26,86,4.9,28,1.8,582,29.2,66.0,fresh,synthetic_v0,simulated; ranges are estimates
293,2026-06-04_PM,APPLE_09,apple,2026-06-04T18:00:00,3.5,room,78,22,102,5.8,27,6.8,582,30.9,46.7,fresh,synthetic_v0,simulated; ranges are estimates
294,2026-06-05_AM,APPLE_09,apple,2026-06-05T06:00:00,4.0,room,86,25,108,7.0,30,3.8,530,28.8,61.8,fresh,synthetic_v0,simulated; ranges are estimates
295,2026-06-05_PM,APPLE_09,apple,2026-06-05T18:00:00,4.5,room,81,28,107,4.7,35,2.4,620,27.1,55.0,fresh,synthetic_v0,simulated; ranges are estimates
296,2026-06-06_AM,APPLE_09,apple,2026-06-06T06:00:00,5.0,room,80,31,95,6.5,38,2.8,653,30.4,59.5,fresh,synthetic_v0,simulated; ranges are estimates
297,2026-06-06_PM,APPLE_09,apple,2026-06-06T18:00:00,5.5,room,77,27,86,12.1,34,2.4,541,26.1,64.1,fresh,synthetic_v0,simulated; ranges are estimates
298,2026-06-07_AM,APPLE_09,apple,2026-06-07T06:00:00,6.0,room,84,29,104,3.9,29,1.5,547,28.2,42.1,fresh,synthetic_v0,simulated; ranges are estimates
299,2026-06-07_PM,APPLE_09,apple,2026-06-07T18:00:00,6.5,room,72,27,93,7.5,33,5.7,628,28.0,62.4,fresh,synthetic_v0,simulated; ranges are estimates
300,2026-06-08_AM,APPLE_09,apple,2026-06-08T06:00:00,7.0,room,80,30,94,6.8,32,3.9,539,27.0,54.7,fresh,synthetic_v0,simulated; ranges are estimates
301,2026-06-08_PM,APPLE_09,apple,2026-06-08T18:00:00,7.5,room,73,32,87,3.2,40,5.5,553,27.2,56.7,fresh,synthetic_v0,simulated; ranges are estimates
302,2026-06-09_AM,APPLE_09,apple,2026-06-09T06:00:00,8.0,room,78,33,95,5.0,34,6.8,610,28.0,42.1,fresh,synthetic_v0,simulated; ranges are estimates
303,2026-06-09_PM,APPLE_09,apple,2026-06-09T18:00:00,8.5,room,79,35,112,4.6,41,4.3,629,26.1,54.8,fresh,synthetic_v0,simulated; ranges are estimates
304,2026-06-10_AM,APPLE_09,apple,2026-06-10T06:00:00,9.0,room,75,32,135,5.4,47,2.9,394,29.3,69.4,ripe,synthetic_v0,simulated; ranges are estimates
305,2026-06-10_PM,APPLE_09,apple,2026-06-10T18:00:00,9.5,room,82,28,108,4.5,49,6.5,438,29.9,60.2,ripe,synthetic_v0,simulated; ranges are estimates
306,2026-06-11_AM,APPLE_09,apple,2026-06-11T06:00:00,10.0,room,76,30,128,7.5,51,5.8,477,26.2,66.0,ripe,synthetic_v0,simulated; ranges are estimates
307,2026-06-11_PM,APPLE_09,apple,2026-06-11T18:00:00,10.5,room,76,22,113,6.4,39,6.9,463,26.1,59.8,ripe,synthetic_v0,simulated; ranges are estimates
308,2026-06-12_AM,APPLE_09,apple,2026-06-12T06:00:00,11.0,room,78,28,127,4.6,32,7.0,523,28.0,68.2,ripe,synthetic_v0,simulated; ranges are estimates
309,2026-06-12_PM,APPLE_09,apple,2026-06-12T18:00:00,11.5,room,76,30,129,5.7,47,3.1,421,31.4,59.3,ripe,synthetic_v0,simulated; ranges are estimates
310,2026-06-13_AM,APPLE_09,apple,2026-06-13T06:00:00,12.0,room,82,29,198,6.4,52,6.4,289,28.3,71.1,overripe,synthetic_v0,simulated; ranges are estimates
311,2026-06-13_PM,APPLE_09,apple,2026-06-13T18:00:00,12.5,room,78,35,255,3.6,77,7.5,272,29.2,57.3,overripe,synthetic_v0,simulated; ranges are estimates
312,2026-06-14_AM,APPLE_09,apple,2026-06-14T06:00:00,13.0,room,79,32,242,5.1,51,1.5,298,29.6,57.8,overripe,synthetic_v0,simulated; ranges are estimates
313,2026-06-14_PM,APPLE_09,apple,2026-06-14T18:00:00,13.5,room,77,37,177,4.9,91,3.1,363,29.6,63.0,overripe,synthetic_v0,simulated; ranges are estimates
314,2026-06-15_AM,APPLE_09,apple,2026-06-15T06:00:00,14.0,room,65,26,419,5.7,179,4.0,116,29.1,49.1,rotten,synthetic_v0,simulated; ranges are estimates
315,2026-06-15_PM,APPLE_09,apple,2026-06-15T18:00:00,14.5,room,69,30,356,8.2,97,4.7,174,28.2,59.2,rotten,synthetic_v0,simulated; ranges are estimates
316,2026-06-16_AM,APPLE_09,apple,2026-06-16T06:00:00,15.0,room,68,29,404,5.0,153,4.3,110,27.4,63.9,rotten,synthetic_v0,simulated; ranges are estimates
317,2026-06-16_PM,APPLE_09,apple,2026-06-16T18:00:00,15.5,room,73,32,393,5.8,116,3.3,109,26.3,56.5,rotten,synthetic_v0,simulated; ranges are estimates
318,2026-06-17_AM,APPLE_09,apple,2026-06-17T06:00:00,16.0,room,68,27,283,10.9,222,4.3,166,27.6,60.0,rotten,synthetic_v0,simulated; ranges are estimates
319,2026-06-17_PM,APPLE_09,apple,2026-06-17T18:00:00,16.5,room,71,30,251,2.9,213,5.2,167,29.9,53.1,rotten,synthetic_v0,simulated; ranges are estimates
320,2026-06-01_AM,APPLE_10,apple,2026-06-01T06:00:00,0.0,room,68,22,84,7.5,24,2.3,444,26.6,61.2,fresh,synthetic_v0,simulated; ranges are estimates
321,2026-06-01_PM,APPLE_10,apple,2026-06-01T18:00:00,0.5,room,74,29,97,3.7,32,6.0,539,27.0,76.1,fresh,synthetic_v0,simulated; ranges are estimates
322,2026-06-02_AM,APPLE_10,apple,2026-06-02T06:00:00,1.0,room,74,23,86,5.9,27,4.1,507,29.1,61.1,fresh,synthetic_v0,simulated; ranges are estimates
323,2026-06-02_PM,APPLE_10,apple,2026-06-02T18:00:00,1.5,room,66,23,92,6.6,33,5.1,496,27.0,58.8,fresh,synthetic_v0,simulated; ranges are estimates
324,2026-06-03_AM,APPLE_10,apple,2026-06-03T06:00:00,2.0,room,70,23,87,7.1,26,4.4,492,28.8,59.7,fresh,synthetic_v0,simulated; ranges are estimates
325,2026-06-03_PM,APPLE_10,apple,2026-06-03T18:00:00,2.5,room,75,24,97,4.8,29,3.2,466,26.3,70.1,fresh,synthetic_v0,simulated; ranges are estimates
326,2026-06-04_AM,APPLE_10,apple,2026-06-04T06:00:00,3.0,room,79,29,106,5.5,31,4.4,589,27.4,63.0,fresh,synthetic_v0,simulated; ranges are estimates
327,2026-06-04_PM,APPLE_10,apple,2026-06-04T18:00:00,3.5,room,78,27,99,6.8,35,3.8,426,27.1,53.8,fresh,synthetic_v0,simulated; ranges are estimates
328,2026-06-05_AM,APPLE_10,apple,2026-06-05T06:00:00,4.0,room,86,27,93,7.1,29,4.8,461,29.0,54.8,fresh,synthetic_v0,simulated; ranges are estimates
329,2026-06-05_PM,APPLE_10,apple,2026-06-05T18:00:00,4.5,room,77,25,89,7.4,28,5.5,507,28.1,66.2,fresh,synthetic_v0,simulated; ranges are estimates
330,2026-06-06_AM,APPLE_10,apple,2026-06-06T06:00:00,5.0,room,70,31,86,4.0,35,1.8,479,26.9,64.5,fresh,synthetic_v0,simulated; ranges are estimates
331,2026-06-06_PM,APPLE_10,apple,2026-06-06T18:00:00,5.5,room,79,24,92,3.2,28,2.8,407,28.1,50.6,fresh,synthetic_v0,simulated; ranges are estimates
332,2026-06-07_AM,APPLE_10,apple,2026-06-07T06:00:00,6.0,room,77,32,84,5.2,35,3.1,506,29.7,57.6,fresh,synthetic_v0,simulated; ranges are estimates
333,2026-06-07_PM,APPLE_10,apple,2026-06-07T18:00:00,6.5,room,82,30,102,4.9,36,4.1,506,27.9,65.6,fresh,synthetic_v0,simulated; ranges are estimates
334,2026-06-08_AM,APPLE_10,apple,2026-06-08T06:00:00,7.0,room,74,32,92,10.5,33,5.5,513,30.1,60.7,fresh,synthetic_v0,simulated; ranges are estimates
335,2026-06-08_PM,APPLE_10,apple,2026-06-08T18:00:00,7.5,room,71,24,86,7.2,28,1.8,461,27.3,72.1,fresh,synthetic_v0,simulated; ranges are estimates
336,2026-06-09_AM,APPLE_10,apple,2026-06-09T06:00:00,8.0,room,74,32,113,7.5,47,5.4,405,26.3,68.9,ripe,synthetic_v0,simulated; ranges are estimates
337,2026-06-09_PM,APPLE_10,apple,2026-06-09T18:00:00,8.5,room,75,30,129,3.3,47,5.3,333,28.3,69.2,ripe,synthetic_v0,simulated; ranges are estimates
338,2026-06-10_AM,APPLE_10,apple,2026-06-10T06:00:00,9.0,room,78,26,134,4.7,36,6.5,377,26.7,57.3,ripe,synthetic_v0,simulated; ranges are estimates
339,2026-06-10_PM,APPLE_10,apple,2026-06-10T18:00:00,9.5,room,78,27,146,2.0,39,3.9,379,27.5,53.5,ripe,synthetic_v0,simulated; ranges are estimates
340,2026-06-11_AM,APPLE_10,apple,2026-06-11T06:00:00,10.0,room,82,29,124,3.7,39,5.4,293,24.8,53.9,ripe,synthetic_v0,simulated; ranges are estimates
341,2026-06-11_PM,APPLE_10,apple,2026-06-11T18:00:00,10.5,room,76,35,118,8.0,57,2.0,337,29.6,56.8,ripe,synthetic_v0,simulated; ranges are estimates
342,2026-06-12_AM,APPLE_10,apple,2026-06-12T06:00:00,11.0,room,72,29,121,4.8,39,4.9,385,28.7,59.5,ripe,synthetic_v0,simulated; ranges are estimates
343,2026-06-12_PM,APPLE_10,apple,2026-06-12T18:00:00,11.5,room,75,30,148,12.2,51,4.8,400,28.7,65.6,ripe,synthetic_v0,simulated; ranges are estimates
344,2026-06-13_AM,APPLE_10,apple,2026-06-13T06:00:00,12.0,room,71,29,159,6.3,85,5.6,241,29.3,58.7,overripe,synthetic_v0,simulated; ranges are estimates
345,2026-06-13_PM,APPLE_10,apple,2026-06-13T18:00:00,12.5,room,73,33,136,7.6,76,5.4,255,28.4,64.7,overripe,synthetic_v0,simulated; ranges are estimates
346,2026-06-14_AM,APPLE_10,apple,2026-06-14T06:00:00,13.0,room,74,28,168,2.2,73,3.4,247,28.1,57.7,overripe,synthetic_v0,simulated; ranges are estimates
347,2026-06-14_PM,APPLE_10,apple,2026-06-14T18:00:00,13.5,room,73,31,134,9.4,72,5.2,280,25.8,58.1,overripe,synthetic_v0,simulated; ranges are estimates
348,2026-06-15_AM,APPLE_10,apple,2026-06-15T06:00:00,14.0,room,74,30,187,6.8,59,5.2,251,26.8,57.2,overripe,synthetic_v0,simulated; ranges are estimates
349,2026-06-15_PM,APPLE_10,apple,2026-06-15T18:00:00,14.5,room,62,28,139,2.0,78,4.3,246,26.6,63.9,overripe,synthetic_v0,simulated; ranges are estimates
350,2026-06-16_AM,APPLE_10,apple,2026-06-16T06:00:00,15.0,room,66,29,266,5.5,164,1.7,129,25.8,55.3,rotten,synthetic_v0,simulated; ranges are estimates
351,2026-06-16_PM,APPLE_10,apple,2026-06-16T18:00:00,15.5,room,71,27,275,6.5,103,4.5,113,30.8,54.6,rotten,synthetic_v0,simulated; ranges are estimates
352,2026-06-17_AM,APPLE_10,apple,2026-06-17T06:00:00,16.0,room,69,30,287,5.0,125,2.4,60,25.4,53.6,rotten,synthetic_v0,simulated; ranges are estimates
353,2026-06-17_PM,APPLE_10,apple,2026-06-17T18:00:00,16.5,room,65,31,226,5.0,141,4.6,47,29.2,54.3,rotten,synthetic_v0,simulated; ranges are estimates
354,2026-06-01_AM,TOMATO_01,tomato,2026-06-01T06:00:00,0.0,room,77,26,99,6.3,27,3.5,288,26.3,60.5,fresh,synthetic_v0,simulated; ranges are estimates
355,2026-06-01_PM,TOMATO_01,tomato,2026-06-01T18:00:00,0.5,room,70,28,107,8.1,35,2.5,360,32.2,63.0,fresh,synthetic_v0,simulated; ranges are estimates
356,2026-06-02_AM,TOMATO_01,tomato,2026-06-02T06:00:00,1.0,room,73,27,113,8.8,34,3.5,304,28.2,49.8,fresh,synthetic_v0,simulated; ranges are estimates
357,2026-06-02_PM,TOMATO_01,tomato,2026-06-02T18:00:00,1.5,room,74,24,97,6.1,36,4.1,441,27.4,68.8,fresh,synthetic_v0,simulated; ranges are estimates
358,2026-06-03_AM,TOMATO_01,tomato,2026-06-03T06:00:00,2.0,room,72,25,103,2.8,28,5.1,363,30.9,65.8,fresh,synthetic_v0,simulated; ranges are estimates
359,2026-06-03_PM,TOMATO_01,tomato,2026-06-03T18:00:00,2.5,room,79,24,96,6.2,31,1.9,394,26.0,49.0,fresh,synthetic_v0,simulated; ranges are estimates
360,2026-06-04_AM,TOMATO_01,tomato,2026-06-04T06:00:00,3.0,room,76,33,111,7.9,34,1.7,419,27.5,68.8,fresh,synthetic_v0,simulated; ranges are estimates
361,2026-06-04_PM,TOMATO_01,tomato,2026-06-04T18:00:00,3.5,room,77,23,84,6.0,31,3.3,408,29.3,67.8,fresh,synthetic_v0,simulated; ranges are estimates
362,2026-06-05_AM,TOMATO_01,tomato,2026-06-05T06:00:00,4.0,room,81,30,113,6.2,36,3.6,375,26.2,52.4,fresh,synthetic_v0,simulated; ranges are estimates
363,2026-06-05_PM,TOMATO_01,tomato,2026-06-05T18:00:00,4.5,room,75,28,101,5.5,40,4.9,406,27.6,70.6,fresh,synthetic_v0,simulated; ranges are estimates
364,2026-06-06_AM,TOMATO_01,tomato,2026-06-06T06:00:00,5.0,room,79,25,144,6.9,53,4.8,265,26.4,64.1,ripe,synthetic_v0,simulated; ranges are estimates
365,2026-06-06_PM,TOMATO_01,tomato,2026-06-06T18:00:00,5.5,room,71,26,143,5.9,45,4.0,287,29.0,54.2,ripe,synthetic_v0,simulated; ranges are estimates
366,2026-06-07_AM,TOMATO_01,tomato,2026-06-07T06:00:00,6.0,room,78,28,113,6.8,39,2.0,325,25.7,59.1,ripe,synthetic_v0,simulated; ranges are estimates
367,2026-06-07_PM,TOMATO_01,tomato,2026-06-07T18:00:00,6.5,room,84,28,156,7.9,53,3.5,226,29.3,53.5,ripe,synthetic_v0,simulated; ranges are estimates
368,2026-06-08_AM,TOMATO_01,tomato,2026-06-08T06:00:00,7.0,room,79,30,138,4.7,50,6.4,262,29.6,53.9,ripe,synthetic_v0,simulated; ranges are estimates
369,2026-06-08_PM,TOMATO_01,tomato,2026-06-08T18:00:00,7.5,room,80,27,161,5.5,34,3.7,303,28.6,64.6,ripe,synthetic_v0,simulated; ranges are estimates
370,2026-06-09_AM,TOMATO_01,tomato,2026-06-09T06:00:00,8.0,room,75,32,219,8.8,68,6.5,164,29.1,50.5,overripe,synthetic_v0,simulated; ranges are estimates
371,2026-06-09_PM,TOMATO_01,tomato,2026-06-09T18:00:00,8.5,room,80,32,251,4.8,112,1.5,167,28.5,61.5,overripe,synthetic_v0,simulated; ranges are estimates
372,2026-06-10_AM,TOMATO_01,tomato,2026-06-10T06:00:00,9.0,room,80,26,243,5.9,144,4.5,172,31.0,51.8,overripe,synthetic_v0,simulated; ranges are estimates
373,2026-06-10_PM,TOMATO_01,tomato,2026-06-10T18:00:00,9.5,room,79,27,220,6.9,131,3.4,231,31.7,56.6,overripe,synthetic_v0,simulated; ranges are estimates
374,2026-06-11_AM,TOMATO_01,tomato,2026-06-11T06:00:00,10.0,room,75,25,532,3.2,270,6.2,167,28.1,66.4,rotten,synthetic_v0,simulated; ranges are estimates
375,2026-06-11_PM,TOMATO_01,tomato,2026-06-11T18:00:00,10.5,room,71,34,386,4.8,262,3.3,59,25.2,66.9,rotten,synthetic_v0,simulated; ranges are estimates
376,2026-06-12_AM,TOMATO_01,tomato,2026-06-12T06:00:00,11.0,room,81,28,432,4.7,190,2.7,96,29.6,59.5,rotten,synthetic_v0,simulated; ranges are estimates
377,2026-06-12_PM,TOMATO_01,tomato,2026-06-12T18:00:00,11.5,room,85,30,526,8.4,255,3.0,110,27.8,58.6,rotten,synthetic_v0,simulated; ranges are estimates
378,2026-06-13_AM,TOMATO_01,tomato,2026-06-13T06:00:00,12.0,room,70,29,521,2.9,225,6.5,39,27.9,54.8,rotten,synthetic_v0,simulated; ranges are estimates
379,2026-06-13_PM,TOMATO_01,tomato,2026-06-13T18:00:00,12.5,room,74,26,354,8.9,303,4.4,87,29.3,65.8,rotten,synthetic_v0,simulated; ranges are estimates
380,2026-06-01_AM,TOMATO_02,tomato,2026-06-01T06:00:00,0.0,room,66,25,88,6.6,30,3.7,425,25.6,60.1,fresh,synthetic_v0,simulated; ranges are estimates
381,2026-06-01_PM,TOMATO_02,tomato,2026-06-01T18:00:00,0.5,room,66,20,94,2.1,28,2.0,471,31.0,51.6,fresh,synthetic_v0,simulated; ranges are estimates
382,2026-06-02_AM,TOMATO_02,tomato,2026-06-02T06:00:00,1.0,room,74,24,96,6.3,27,3.3,471,26.4,62.1,fresh,synthetic_v0,simulated; ranges are estimates
383,2026-06-02_PM,TOMATO_02,tomato,2026-06-02T18:00:00,1.5,room,67,27,105,2.1,38,2.0,441,29.9,53.7,fresh,synthetic_v0,simulated; ranges are estimates
384,2026-06-03_AM,TOMATO_02,tomato,2026-06-03T06:00:00,2.0,room,70,26,83,4.2,28,2.9,443,26.8,64.2,fresh,synthetic_v0,simulated; ranges are estimates
385,2026-06-03_PM,TOMATO_02,tomato,2026-06-03T18:00:00,2.5,room,72,26,96,7.3,33,3.8,467,28.1,53.7,fresh,synthetic_v0,simulated; ranges are estimates
386,2026-06-04_AM,TOMATO_02,tomato,2026-06-04T06:00:00,3.0,room,71,29,96,6.1,35,5.0,458,29.4,67.3,fresh,synthetic_v0,simulated; ranges are estimates
387,2026-06-04_PM,TOMATO_02,tomato,2026-06-04T18:00:00,3.5,room,74,31,104,4.5,39,5.1,456,32.3,57.0,fresh,synthetic_v0,simulated; ranges are estimates
388,2026-06-05_AM,TOMATO_02,tomato,2026-06-05T06:00:00,4.0,room,76,26,93,5.1,34,1.6,414,26.9,46.3,fresh,synthetic_v0,simulated; ranges are estimates
389,2026-06-05_PM,TOMATO_02,tomato,2026-06-05T18:00:00,4.5,room,78,36,88,8.6,45,3.6,411,27.1,58.6,fresh,synthetic_v0,simulated; ranges are estimates
390,2026-06-06_AM,TOMATO_02,tomato,2026-06-06T06:00:00,5.0,room,80,28,131,6.8,42,1.5,278,27.3,66.1,ripe,synthetic_v0,simulated; ranges are estimates
391,2026-06-06_PM,TOMATO_02,tomato,2026-06-06T18:00:00,5.5,room,78,30,159,7.9,55,5.1,350,27.3,49.2,ripe,synthetic_v0,simulated; ranges are estimates
392,2026-06-07_AM,TOMATO_02,tomato,2026-06-07T06:00:00,6.0,room,79,30,156,6.9,41,3.9,294,25.2,63.0,ripe,synthetic_v0,simulated; ranges are estimates
393,2026-06-07_PM,TOMATO_02,tomato,2026-06-07T18:00:00,6.5,room,70,26,163,6.1,39,6.7,317,27.3,56.2,ripe,synthetic_v0,simulated; ranges are estimates
394,2026-06-08_AM,TOMATO_02,tomato,2026-06-08T06:00:00,7.0,room,84,28,155,2.7,35,2.4,324,29.3,59.6,ripe,synthetic_v0,simulated; ranges are estimates
395,2026-06-08_PM,TOMATO_02,tomato,2026-06-08T18:00:00,7.5,room,77,27,143,4.3,52,4.2,222,27.9,63.2,ripe,synthetic_v0,simulated; ranges are estimates
396,2026-06-09_AM,TOMATO_02,tomato,2026-06-09T06:00:00,8.0,room,79,29,196,4.5,87,3.9,255,28.3,72.5,overripe,synthetic_v0,simulated; ranges are estimates
397,2026-06-09_PM,TOMATO_02,tomato,2026-06-09T18:00:00,8.5,room,77,32,213,5.5,96,5.3,193,28.3,61.9,overripe,synthetic_v0,simulated; ranges are estimates
398,2026-06-10_AM,TOMATO_02,tomato,2026-06-10T06:00:00,9.0,room,73,27,582,8.9,187,4.4,71,28.9,58.9,rotten,synthetic_v0,simulated; ranges are estimates
399,2026-06-10_PM,TOMATO_02,tomato,2026-06-10T18:00:00,9.5,room,77,29,371,6.2,222,1.5,180,27.9,81.9,rotten,synthetic_v0,simulated; ranges are estimates
400,2026-06-01_AM,TOMATO_03,tomato,2026-06-01T06:00:00,0.0,room,65,24,87,6.0,24,3.4,348,28.6,50.3,fresh,synthetic_v0,simulated; ranges are estimates
401,2026-06-01_PM,TOMATO_03,tomato,2026-06-01T18:00:00,0.5,room,73,21,84,9.3,28,4.5,412,28.8,60.1,fresh,synthetic_v0,simulated; ranges are estimates
402,2026-06-02_AM,TOMATO_03,tomato,2026-06-02T06:00:00,1.0,room,67,24,79,3.8,26,4.5,412,26.0,62.4,fresh,synthetic_v0,simulated; ranges are estimates
403,2026-06-02_PM,TOMATO_03,tomato,2026-06-02T18:00:00,1.5,room,70,30,106,4.0,36,3.4,397,27.6,54.2,fresh,synthetic_v0,simulated; ranges are estimates
404,2026-06-03_AM,TOMATO_03,tomato,2026-06-03T06:00:00,2.0,room,68,22,70,2.8,24,1.9,421,30.7,54.9,fresh,synthetic_v0,simulated; ranges are estimates
405,2026-06-03_PM,TOMATO_03,tomato,2026-06-03T18:00:00,2.5,room,74,28,87,10.9,36,1.6,328,26.4,51.7,fresh,synthetic_v0,simulated; ranges are estimates
406,2026-06-04_AM,TOMATO_03,tomato,2026-06-04T06:00:00,3.0,room,69,31,112,2.0,35,3.6,341,27.5,54.8,fresh,synthetic_v0,simulated; ranges are estimates
407,2026-06-04_PM,TOMATO_03,tomato,2026-06-04T18:00:00,3.5,room,75,28,98,6.0,34,5.3,423,29.2,48.6,fresh,synthetic_v0,simulated; ranges are estimates
408,2026-06-05_AM,TOMATO_03,tomato,2026-06-05T06:00:00,4.0,room,70,25,83,8.2,32,4.6,410,28.3,69.6,fresh,synthetic_v0,simulated; ranges are estimates
409,2026-06-05_PM,TOMATO_03,tomato,2026-06-05T18:00:00,4.5,room,78,28,105,7.4,36,5.9,360,27.9,70.5,fresh,synthetic_v0,simulated; ranges are estimates
410,2026-06-06_AM,TOMATO_03,tomato,2026-06-06T06:00:00,5.0,room,69,28,129,5.9,40,3.4,382,28.0,44.0,ripe,synthetic_v0,simulated; ranges are estimates
411,2026-06-06_PM,TOMATO_03,tomato,2026-06-06T18:00:00,5.5,room,74,31,123,7.0,59,3.3,343,27.6,53.6,ripe,synthetic_v0,simulated; ranges are estimates
412,2026-06-07_AM,TOMATO_03,tomato,2026-06-07T06:00:00,6.0,room,73,26,124,6.4,35,4.4,237,30.6,54.7,ripe,synthetic_v0,simulated; ranges are estimates
413,2026-06-07_PM,TOMATO_03,tomato,2026-06-07T18:00:00,6.5,room,79,30,154,5.5,54,3.5,306,25.9,53.6,ripe,synthetic_v0,simulated; ranges are estimates
414,2026-06-08_AM,TOMATO_03,tomato,2026-06-08T06:00:00,7.0,room,75,26,228,6.6,121,2.4,150,27.5,54.5,overripe,synthetic_v0,simulated; ranges are estimates
415,2026-06-08_PM,TOMATO_03,tomato,2026-06-08T18:00:00,7.5,room,80,27,214,6.5,82,5.3,138,28.4,77.9,overripe,synthetic_v0,simulated; ranges are estimates
416,2026-06-09_AM,TOMATO_03,tomato,2026-06-09T06:00:00,8.0,room,84,29,211,8.3,106,4.5,153,28.4,65.5,overripe,synthetic_v0,simulated; ranges are estimates
417,2026-06-09_PM,TOMATO_03,tomato,2026-06-09T18:00:00,8.5,room,85,30,276,6.0,123,4.3,172,28.5,49.1,overripe,synthetic_v0,simulated; ranges are estimates
418,2026-06-10_AM,TOMATO_03,tomato,2026-06-10T06:00:00,9.0,room,72,27,285,5.7,161,4.3,115,26.2,56.3,rotten,synthetic_v0,simulated; ranges are estimates
419,2026-06-10_PM,TOMATO_03,tomato,2026-06-10T18:00:00,9.5,room,80,32,408,4.6,356,3.7,91,28.1,58.8,rotten,synthetic_v0,simulated; ranges are estimates
420,2026-06-01_AM,TOMATO_04,tomato,2026-06-01T06:00:00,0.0,room,69,23,88,5.8,27,4.6,402,27.2,64.6,fresh,synthetic_v0,simulated; ranges are estimates
421,2026-06-01_PM,TOMATO_04,tomato,2026-06-01T18:00:00,0.5,room,72,28,100,8.1,35,3.0,377,27.1,61.5,fresh,synthetic_v0,simulated; ranges are estimates
422,2026-06-02_AM,TOMATO_04,tomato,2026-06-02T06:00:00,1.0,room,73,23,93,5.6,27,3.8,283,27.8,71.3,fresh,synthetic_v0,simulated; ranges are estimates
423,2026-06-02_PM,TOMATO_04,tomato,2026-06-02T18:00:00,1.5,room,67,23,83,8.2,27,5.3,348,28.1,57.0,fresh,synthetic_v0,simulated; ranges are estimates
424,2026-06-03_AM,TOMATO_04,tomato,2026-06-03T06:00:00,2.0,room,77,26,91,7.5,27,7.4,351,28.1,53.9,fresh,synthetic_v0,simulated; ranges are estimates
425,2026-06-03_PM,TOMATO_04,tomato,2026-06-03T18:00:00,2.5,room,68,28,94,5.6,35,4.8,385,28.3,53.8,fresh,synthetic_v0,simulated; ranges are estimates
426,2026-06-04_AM,TOMATO_04,tomato,2026-06-04T06:00:00,3.0,room,82,26,108,8.9,27,4.0,417,28.8,64.5,fresh,synthetic_v0,simulated; ranges are estimates
427,2026-06-04_PM,TOMATO_04,tomato,2026-06-04T18:00:00,3.5,room,72,29,89,4.6,37,2.9,405,27.0,65.9,fresh,synthetic_v0,simulated; ranges are estimates
428,2026-06-05_AM,TOMATO_04,tomato,2026-06-05T06:00:00,4.0,room,72,29,98,5.4,33,3.7,407,26.5,68.1,fresh,synthetic_v0,simulated; ranges are estimates
429,2026-06-05_PM,TOMATO_04,tomato,2026-06-05T18:00:00,4.5,room,73,29,87,6.4,34,2.5,421,28.5,58.8,fresh,synthetic_v0,simulated; ranges are estimates
430,2026-06-06_AM,TOMATO_04,tomato,2026-06-06T06:00:00,5.0,room,91,29,140,6.2,53,7.0,211,27.8,46.1,ripe,synthetic_v0,simulated; ranges are estimates
431,2026-06-06_PM,TOMATO_04,tomato,2026-06-06T18:00:00,5.5,room,75,33,121,6.7,47,6.0,255,29.6,63.6,ripe,synthetic_v0,simulated; ranges are estimates
432,2026-06-07_AM,TOMATO_04,tomato,2026-06-07T06:00:00,6.0,room,72,25,135,6.6,32,2.3,266,26.5,59.2,ripe,synthetic_v0,simulated; ranges are estimates
433,2026-06-07_PM,TOMATO_04,tomato,2026-06-07T18:00:00,6.5,room,79,32,139,5.0,46,4.6,237,28.5,43.2,ripe,synthetic_v0,simulated; ranges are estimates
434,2026-06-08_AM,TOMATO_04,tomato,2026-06-08T06:00:00,7.0,room,75,33,131,5.9,39,4.6,354,28.6,57.1,ripe,synthetic_v0,simulated; ranges are estimates
435,2026-06-08_PM,TOMATO_04,tomato,2026-06-08T18:00:00,7.5,room,75,36,146,8.6,58,2.7,239,28.4,46.9,ripe,synthetic_v0,simulated; ranges are estimates
436,2026-06-09_AM,TOMATO_04,tomato,2026-06-09T06:00:00,8.0,room,70,31,170,10.2,47,6.1,190,27.6,60.1,overripe,synthetic_v0,simulated; ranges are estimates
437,2026-06-09_PM,TOMATO_04,tomato,2026-06-09T18:00:00,8.5,room,82,33,210,5.7,102,3.8,190,30.1,69.7,overripe,synthetic_v0,simulated; ranges are estimates
438,2026-06-10_AM,TOMATO_04,tomato,2026-06-10T06:00:00,9.0,room,80,35,324,12.5,291,2.2,104,27.0,63.4,rotten,synthetic_v0,simulated; ranges are estimates
439,2026-06-10_PM,TOMATO_04,tomato,2026-06-10T18:00:00,9.5,room,79,36,442,4.1,267,6.1,110,29.8,64.8,rotten,synthetic_v0,simulated; ranges are estimates
440,2026-06-11_AM,TOMATO_04,tomato,2026-06-11T06:00:00,10.0,room,78,31,350,4.3,228,2.4,87,26.9,61.8,rotten,synthetic_v0,simulated; ranges are estimates
441,2026-06-11_PM,TOMATO_04,tomato,2026-06-11T18:00:00,10.5,room,77,31,303,5.1,281,4.7,76,25.2,53.7,rotten,synthetic_v0,simulated; ranges are estimates
442,2026-06-12_AM,TOMATO_04,tomato,2026-06-12T06:00:00,11.0,room,80,25,460,6.6,275,5.7,73,27.3,66.9,rotten,synthetic_v0,simulated; ranges are estimates
443,2026-06-12_PM,TOMATO_04,tomato,2026-06-12T18:00:00,11.5,room,74,29,386,3.5,259,2.4,79,28.6,74.8,rotten,synthetic_v0,simulated; ranges are estimates
444,2026-06-01_AM,TOMATO_05,tomato,2026-06-01T06:00:00,0.0,room,68,22,101,5.1,23,3.4,448,30.5,54.3,fresh,synthetic_v0,simulated; ranges are estimates
445,2026-06-01_PM,TOMATO_05,tomato,2026-06-01T18:00:00,0.5,room,67,25,88,8.6,29,4.1,376,28.7,57.9,fresh,synthetic_v0,simulated; ranges are estimates
446,2026-06-02_AM,TOMATO_05,tomato,2026-06-02T06:00:00,1.0,room,69,31,88,4.6,34,3.1,461,28.0,60.0,fresh,synthetic_v0,simulated; ranges are estimates
447,2026-06-02_PM,TOMATO_05,tomato,2026-06-02T18:00:00,1.5,room,73,32,77,6.1,40,4.4,415,28.0,59.6,fresh,synthetic_v0,simulated; ranges are estimates
448,2026-06-03_AM,TOMATO_05,tomato,2026-06-03T06:00:00,2.0,room,76,25,89,6.2,35,1.8,382,28.2,52.5,fresh,synthetic_v0,simulated; ranges are estimates
449,2026-06-03_PM,TOMATO_05,tomato,2026-06-03T18:00:00,2.5,room,71,30,101,3.6,33,6.3,493,29.5,64.6,fresh,synthetic_v0,simulated; ranges are estimates
450,2026-06-04_AM,TOMATO_05,tomato,2026-06-04T06:00:00,3.0,room,71,28,121,2.0,43,5.7,298,27.9,56.1,ripe,synthetic_v0,simulated; ranges are estimates
451,2026-06-04_PM,TOMATO_05,tomato,2026-06-04T18:00:00,3.5,room,72,28,97,5.6,49,2.3,328,28.1,48.3,ripe,synthetic_v0,simulated; ranges are estimates
452,2026-06-05_AM,TOMATO_05,tomato,2026-06-05T06:00:00,4.0,room,72,25,142,9.9,39,4.5,290,28.5,57.0,ripe,synthetic_v0,simulated; ranges are estimates
453,2026-06-05_PM,TOMATO_05,tomato,2026-06-05T18:00:00,4.5,room,73,21,142,7.5,40,1.7,302,27.1,50.9,ripe,synthetic_v0,simulated; ranges are estimates
454,2026-06-06_AM,TOMATO_05,tomato,2026-06-06T06:00:00,5.0,room,84,31,146,5.1,59,2.0,187,30.9,62.5,overripe,synthetic_v0,simulated; ranges are estimates
455,2026-06-06_PM,TOMATO_05,tomato,2026-06-06T18:00:00,5.5,room,79,26,201,2.7,86,6.4,216,28.3,70.2,overripe,synthetic_v0,simulated; ranges are estimates
456,2026-06-07_AM,TOMATO_05,tomato,2026-06-07T06:00:00,6.0,room,73,26,168,5.1,95,2.5,195,26.1,59.6,overripe,synthetic_v0,simulated; ranges are estimates
457,2026-06-07_PM,TOMATO_05,tomato,2026-06-07T18:00:00,6.5,room,76,27,208,6.5,123,3.9,172,25.5,71.4,overripe,synthetic_v0,simulated; ranges are estimates
458,2026-06-08_AM,TOMATO_05,tomato,2026-06-08T06:00:00,7.0,room,77,31,300,8.5,189,4.5,63,28.6,70.9,rotten,synthetic_v0,simulated; ranges are estimates
459,2026-06-08_PM,TOMATO_05,tomato,2026-06-08T18:00:00,7.5,room,83,32,312,6.3,138,1.9,124,27.7,48.0,rotten,synthetic_v0,simulated; ranges are estimates
460,2026-06-09_AM,TOMATO_05,tomato,2026-06-09T06:00:00,8.0,room,78,25,421,7.7,216,3.4,169,29.2,48.8,rotten,synthetic_v0,simulated; ranges are estimates
461,2026-06-09_PM,TOMATO_05,tomato,2026-06-09T18:00:00,8.5,room,74,31,365,3.8,135,4.6,100,28.0,71.2,rotten,synthetic_v0,simulated; ranges are estimates
462,2026-06-01_AM,TOMATO_06,tomato,2026-06-01T06:00:00,0.0,room,72,27,111,4.8,30,4.3,386,28.6,59.6,fresh,synthetic_v0,simulated; ranges are estimates
463,2026-06-01_PM,TOMATO_06,tomato,2026-06-01T18:00:00,0.5,room,74,23,103,10.9,31,2.8,384,28.4,54.0,fresh,synthetic_v0,simulated; ranges are estimates
464,2026-06-02_AM,TOMATO_06,tomato,2026-06-02T06:00:00,1.0,room,79,28,93,5.0,33,5.1,408,28.6,61.7,fresh,synthetic_v0,simulated; ranges are estimates
465,2026-06-02_PM,TOMATO_06,tomato,2026-06-02T18:00:00,1.5,room,71,27,95,3.9,33,4.6,467,27.5,74.1,fresh,synthetic_v0,simulated; ranges are estimates
466,2026-06-03_AM,TOMATO_06,tomato,2026-06-03T06:00:00,2.0,room,70,24,82,5.0,29,1.5,340,28.4,56.0,fresh,synthetic_v0,simulated; ranges are estimates
467,2026-06-03_PM,TOMATO_06,tomato,2026-06-03T18:00:00,2.5,room,67,30,95,7.5,34,2.5,463,26.6,64.8,fresh,synthetic_v0,simulated; ranges are estimates
468,2026-06-04_AM,TOMATO_06,tomato,2026-06-04T06:00:00,3.0,room,73,27,104,7.9,29,5.2,401,27.8,57.7,fresh,synthetic_v0,simulated; ranges are estimates
469,2026-06-04_PM,TOMATO_06,tomato,2026-06-04T18:00:00,3.5,room,68,24,90,3.6,31,3.6,440,28.3,54.4,fresh,synthetic_v0,simulated; ranges are estimates
470,2026-06-05_AM,TOMATO_06,tomato,2026-06-05T06:00:00,4.0,room,81,30,104,6.0,38,4.5,335,26.6,62.4,fresh,synthetic_v0,simulated; ranges are estimates
471,2026-06-05_PM,TOMATO_06,tomato,2026-06-05T18:00:00,4.5,room,71,30,98,7.1,34,4.0,357,24.0,69.9,fresh,synthetic_v0,simulated; ranges are estimates
472,2026-06-06_AM,TOMATO_06,tomato,2026-06-06T06:00:00,5.0,room,77,26,147,6.7,37,6.7,270,30.4,62.9,ripe,synthetic_v0,simulated; ranges are estimates
473,2026-06-06_PM,TOMATO_06,tomato,2026-06-06T18:00:00,5.5,room,79,31,145,5.5,43,4.8,307,28.2,35.4,ripe,synthetic_v0,simulated; ranges are estimates
474,2026-06-07_AM,TOMATO_06,tomato,2026-06-07T06:00:00,6.0,room,78,31,140,6.6,45,4.7,356,29.6,62.9,ripe,synthetic_v0,simulated; ranges are estimates
475,2026-06-07_PM,TOMATO_06,tomato,2026-06-07T18:00:00,6.5,room,74,21,143,6.3,37,5.9,325,27.6,63.7,ripe,synthetic_v0,simulated; ranges are estimates
476,2026-06-08_AM,TOMATO_06,tomato,2026-06-08T06:00:00,7.0,room,80,34,109,9.1,46,4.4,327,27.6,66.1,ripe,synthetic_v0,simulated; ranges are estimates
477,2026-06-08_PM,TOMATO_06,tomato,2026-06-08T18:00:00,7.5,room,81,28,157,6.1,58,3.9,323,28.8,59.1,ripe,synthetic_v0,simulated; ranges are estimates
478,2026-06-09_AM,TOMATO_06,tomato,2026-06-09T06:00:00,8.0,room,79,26,243,6.2,61,7.0,169,27.4,54.7,overripe,synthetic_v0,simulated; ranges are estimates
479,2026-06-09_PM,TOMATO_06,tomato,2026-06-09T18:00:00,8.5,room,76,35,171,3.8,155,3.9,206,28.1,66.8,overripe,synthetic_v0,simulated; ranges are estimates
480,2026-06-10_AM,TOMATO_06,tomato,2026-06-10T06:00:00,9.0,room,85,31,194,3.9,108,1.5,159,25.7,52.8,overripe,synthetic_v0,simulated; ranges are estimates
481,2026-06-10_PM,TOMATO_06,tomato,2026-06-10T18:00:00,9.5,room,73,31,106,4.8,70,6.3,167,27.1,67.0,overripe,synthetic_v0,simulated; ranges are estimates
482,2026-06-11_AM,TOMATO_06,tomato,2026-06-11T06:00:00,10.0,room,77,30,282,6.3,186,3.6,64,26.6,67.9,rotten,synthetic_v0,simulated; ranges are estimates
483,2026-06-11_PM,TOMATO_06,tomato,2026-06-11T18:00:00,10.5,room,79,29,355,4.8,140,2.6,95,25.6,57.1,rotten,synthetic_v0,simulated; ranges are estimates
484,2026-06-12_AM,TOMATO_06,tomato,2026-06-12T06:00:00,11.0,room,79,28,586,7.6,241,6.8,140,26.8,39.5,rotten,synthetic_v0,simulated; ranges are estimates
485,2026-06-12_PM,TOMATO_06,tomato,2026-06-12T18:00:00,11.5,room,75,32,383,7.6,274,2.6,106,26.4,72.9,rotten,synthetic_v0,simulated; ranges are estimates
486,2026-06-13_AM,TOMATO_06,tomato,2026-06-13T06:00:00,12.0,room,76,28,300,3.4,149,1.7,66,27.7,55.3,rotten,synthetic_v0,simulated; ranges are estimates
487,2026-06-13_PM,TOMATO_06,tomato,2026-06-13T18:00:00,12.5,room,80,31,296,7.4,187,3.9,106,29.6,60.1,rotten,synthetic_v0,simulated; ranges are estimates
488,2026-06-01_AM,TOMATO_07,tomato,2026-06-01T06:00:00,0.0,room,73,27,99,7.1,30,4.6,374,27.2,68.9,fresh,synthetic_v0,simulated; ranges are estimates
489,2026-06-01_PM,TOMATO_07,tomato,2026-06-01T18:00:00,0.5,room,66,23,101,6.3,31,1.5,421,26.6,59.6,fresh,synthetic_v0,simulated; ranges are estimates
490,2026-06-02_AM,TOMATO_07,tomato,2026-06-02T06:00:00,1.0,room,70,26,102,6.6,30,3.5,364,27.8,57.7,fresh,synthetic_v0,simulated; ranges are estimates
491,2026-06-02_PM,TOMATO_07,tomato,2026-06-02T18:00:00,1.5,room,81,19,105,7.6,24,3.9,447,27.6,59.1,fresh,synthetic_v0,simulated; ranges are estimates
492,2026-06-03_AM,TOMATO_07,tomato,2026-06-03T06:00:00,2.0,room,73,26,93,3.5,31,2.4,441,25.4,66.9,fresh,synthetic_v0,simulated; ranges are estimates
493,2026-06-03_PM,TOMATO_07,tomato,2026-06-03T18:00:00,2.5,room,74,28,113,7.7,33,2.5,416,27.2,61.4,fresh,synthetic_v0,simulated; ranges are estimates
494,2026-06-04_AM,TOMATO_07,tomato,2026-06-04T06:00:00,3.0,room,86,28,122,4.0,35,5.6,425,25.8,72.8,fresh,synthetic_v0,simulated; ranges are estimates
495,2026-06-04_PM,TOMATO_07,tomato,2026-06-04T18:00:00,3.5,room,75,19,106,4.3,26,2.0,440,27.9,60.3,fresh,synthetic_v0,simulated; ranges are estimates
496,2026-06-05_AM,TOMATO_07,tomato,2026-06-05T06:00:00,4.0,room,74,31,121,2.9,50,2.0,307,28.0,75.8,ripe,synthetic_v0,simulated; ranges are estimates
497,2026-06-05_PM,TOMATO_07,tomato,2026-06-05T18:00:00,4.5,room,78,23,150,4.2,38,4.5,348,29.3,56.4,ripe,synthetic_v0,simulated; ranges are estimates
498,2026-06-06_AM,TOMATO_07,tomato,2026-06-06T06:00:00,5.0,room,75,28,144,5.1,45,2.0,341,31.0,55.2,ripe,synthetic_v0,simulated; ranges are estimates
499,2026-06-06_PM,TOMATO_07,tomato,2026-06-06T18:00:00,5.5,room,74,28,131,6.3,47,1.5,303,30.8,58.8,ripe,synthetic_v0,simulated; ranges are estimates
500,2026-06-07_AM,TOMATO_07,tomato,2026-06-07T06:00:00,6.0,room,80,25,132,4.8,37,5.1,360,27.0,56.4,ripe,synthetic_v0,simulated; ranges are estimates
501,2026-06-07_PM,TOMATO_07,tomato,2026-06-07T18:00:00,6.5,room,76,33,116,4.4,37,1.6,263,26.9,43.9,ripe,synthetic_v0,simulated; ranges are estimates
502,2026-06-08_AM,TOMATO_07,tomato,2026-06-08T06:00:00,7.0,room,74,33,224,2.9,103,2.3,152,27.9,66.9,overripe,synthetic_v0,simulated; ranges are estimates
503,2026-06-08_PM,TOMATO_07,tomato,2026-06-08T18:00:00,7.5,room,81,31,221,10.1,91,1.5,183,27.6,69.7,overripe,synthetic_v0,simulated; ranges are estimates
504,2026-06-09_AM,TOMATO_07,tomato,2026-06-09T06:00:00,8.0,room,72,28,327,7.2,188,5.0,34,28.8,53.0,rotten,synthetic_v0,simulated; ranges are estimates
505,2026-06-09_PM,TOMATO_07,tomato,2026-06-09T18:00:00,8.5,room,78,27,600,6.4,211,2.0,50,26.2,51.7,rotten,synthetic_v0,simulated; ranges are estimates
506,2026-06-01_AM,TOMATO_08,tomato,2026-06-01T06:00:00,0.0,room,66,23,87,6.9,26,3.5,457,28.3,72.7,fresh,synthetic_v0,simulated; ranges are estimates
507,2026-06-01_PM,TOMATO_08,tomato,2026-06-01T18:00:00,0.5,room,69,29,81,4.3,34,3.9,429,28.9,70.0,fresh,synthetic_v0,simulated; ranges are estimates
508,2026-06-02_AM,TOMATO_08,tomato,2026-06-02T06:00:00,1.0,room,73,24,76,6.4,28,7.2,472,29.9,66.3,fresh,synthetic_v0,simulated; ranges are estimates
509,2026-06-02_PM,TOMATO_08,tomato,2026-06-02T18:00:00,1.5,room,68,24,84,3.8,32,5.8,488,28.2,46.2,fresh,synthetic_v0,simulated; ranges are estimates
510,2026-06-03_AM,TOMATO_08,tomato,2026-06-03T06:00:00,2.0,room,73,27,99,6.4,30,2.0,511,25.9,69.0,fresh,synthetic_v0,simulated; ranges are estimates
511,2026-06-03_PM,TOMATO_08,tomato,2026-06-03T18:00:00,2.5,room,78,27,109,9.5,37,4.8,425,27.4,54.7,fresh,synthetic_v0,simulated; ranges are estimates
512,2026-06-04_AM,TOMATO_08,tomato,2026-06-04T06:00:00,3.0,room,76,22,100,5.0,24,3.6,489,26.9,58.7,fresh,synthetic_v0,simulated; ranges are estimates
513,2026-06-04_PM,TOMATO_08,tomato,2026-06-04T18:00:00,3.5,room,82,31,104,4.3,40,3.9,526,25.3,69.0,fresh,synthetic_v0,simulated; ranges are estimates
514,2026-06-05_AM,TOMATO_08,tomato,2026-06-05T06:00:00,4.0,room,84,28,87,4.7,33,4.9,426,28.4,56.1,fresh,synthetic_v0,simulated; ranges are estimates
515,2026-06-05_PM,TOMATO_08,tomato,2026-06-05T18:00:00,4.5,room,73,28,86,5.6,34,1.9,487,29.5,38.1,fresh,synthetic_v0,simulated; ranges are estimates
516,2026-06-06_AM,TOMATO_08,tomato,2026-06-06T06:00:00,5.0,room,75,26,129,4.6,44,4.9,399,28.3,46.3,ripe,synthetic_v0,simulated; ranges are estimates
517,2026-06-06_PM,TOMATO_08,tomato,2026-06-06T18:00:00,5.5,room,84,24,145,7.7,43,1.7,328,27.9,55.5,ripe,synthetic_v0,simulated; ranges are estimates
518,2026-06-07_AM,TOMATO_08,tomato,2026-06-07T06:00:00,6.0,room,75,30,142,6.1,42,2.7,384,27.6,57.6,ripe,synthetic_v0,simulated; ranges are estimates
519,2026-06-07_PM,TOMATO_08,tomato,2026-06-07T18:00:00,6.5,room,75,30,107,4.4,38,4.5,369,29.2,49.8,ripe,synthetic_v0,simulated; ranges are estimates
520,2026-06-08_AM,TOMATO_08,tomato,2026-06-08T06:00:00,7.0,room,72,34,201,5.0,82,2.2,178,29.3,53.8,overripe,synthetic_v0,simulated; ranges are estimates
521,2026-06-08_PM,TOMATO_08,tomato,2026-06-08T18:00:00,7.5,room,82,28,190,5.7,32,5.2,213,25.2,69.3,overripe,synthetic_v0,simulated; ranges are estimates
522,2026-06-09_AM,TOMATO_08,tomato,2026-06-09T06:00:00,8.0,room,81,33,198,7.4,111,2.8,154,25.5,51.0,overripe,synthetic_v0,simulated; ranges are estimates
523,2026-06-09_PM,TOMATO_08,tomato,2026-06-09T18:00:00,8.5,room,78,27,148,7.8,43,2.4,279,28.0,68.2,overripe,synthetic_v0,simulated; ranges are estimates
524,2026-06-10_AM,TOMATO_08,tomato,2026-06-10T06:00:00,9.0,room,79,30,438,6.0,140,3.6,111,27.4,60.6,rotten,synthetic_v0,simulated; ranges are estimates
525,2026-06-10_PM,TOMATO_08,tomato,2026-06-10T18:00:00,9.5,room,78,27,264,6.7,170,1.5,96,29.3,54.6,rotten,synthetic_v0,simulated; ranges are estimates
526,2026-06-11_AM,TOMATO_08,tomato,2026-06-11T06:00:00,10.0,room,82,29,343,8.5,289,4.1,97,28.6,60.6,rotten,synthetic_v0,simulated; ranges are estimates
527,2026-06-11_PM,TOMATO_08,tomato,2026-06-11T18:00:00,10.5,room,81,28,293,7.4,187,6.0,100,26.5,54.1,rotten,synthetic_v0,simulated; ranges are estimates
528,2026-06-01_AM,TOMATO_09,tomato,2026-06-01T06:00:00,0.0,room,65,25,85,10.6,28,2.6,576,26.5,53.0,fresh,synthetic_v0,simulated; ranges are estimates
529,2026-06-01_PM,TOMATO_09,tomato,2026-06-01T18:00:00,0.5,room,76,28,96,5.2,33,3.6,565,28.9,58.5,fresh,synthetic_v0,simulated; ranges are estimates
530,2026-06-02_AM,TOMATO_09,tomato,2026-06-02T06:00:00,1.0,room,71,26,92,7.6,32,3.7,549,26.9,65.2,fresh,synthetic_v0,simulated; ranges are estimates
531,2026-06-02_PM,TOMATO_09,tomato,2026-06-02T18:00:00,1.5,room,72,21,91,7.0,27,6.1,598,28.4,60.7,fresh,synthetic_v0,simulated; ranges are estimates
532,2026-06-03_AM,TOMATO_09,tomato,2026-06-03T06:00:00,2.0,room,69,26,86,5.4,27,4.6,488,28.7,55.3,fresh,synthetic_v0,simulated; ranges are estimates
533,2026-06-03_PM,TOMATO_09,tomato,2026-06-03T18:00:00,2.5,room,75,26,88,6.2,31,6.4,426,26.9,60.0,fresh,synthetic_v0,simulated; ranges are estimates
534,2026-06-04_AM,TOMATO_09,tomato,2026-06-04T06:00:00,3.0,room,69,32,85,7.3,35,2.7,591,27.0,64.0,fresh,synthetic_v0,simulated; ranges are estimates
535,2026-06-04_PM,TOMATO_09,tomato,2026-06-04T18:00:00,3.5,room,72,21,82,4.2,30,3.0,527,25.2,51.2,fresh,synthetic_v0,simulated; ranges are estimates
536,2026-06-05_AM,TOMATO_09,tomato,2026-06-05T06:00:00,4.0,room,80,34,101,4.1,38,7.1,494,27.7,76.9,fresh,synthetic_v0,simulated; ranges are estimates
537,2026-06-05_PM,TOMATO_09,tomato,2026-06-05T18:00:00,4.5,room,81,22,96,12.0,28,2.4,514,28.3,64.9,fresh,synthetic_v0,simulated; ranges are estimates
538,2026-06-06_AM,TOMATO_09,tomato,2026-06-06T06:00:00,5.0,room,77,29,109,6.7,42,4.9,410,30.1,67.5,ripe,synthetic_v0,simulated; ranges are estimates
539,2026-06-06_PM,TOMATO_09,tomato,2026-06-06T18:00:00,5.5,room,77,25,122,4.1,41,2.2,362,25.5,58.1,ripe,synthetic_v0,simulated; ranges are estimates
540,2026-06-07_AM,TOMATO_09,tomato,2026-06-07T06:00:00,6.0,room,72,26,112,7.5,32,3.2,403,27.3,64.3,ripe,synthetic_v0,simulated; ranges are estimates
541,2026-06-07_PM,TOMATO_09,tomato,2026-06-07T18:00:00,6.5,room,75,26,135,2.0,46,6.0,430,28.6,68.1,ripe,synthetic_v0,simulated; ranges are estimates
542,2026-06-08_AM,TOMATO_09,tomato,2026-06-08T06:00:00,7.0,room,79,29,122,7.7,44,1.6,370,27.2,76.4,ripe,synthetic_v0,simulated; ranges are estimates
543,2026-06-08_PM,TOMATO_09,tomato,2026-06-08T18:00:00,7.5,room,75,28,127,7.7,39,3.0,376,29.2,66.6,ripe,synthetic_v0,simulated; ranges are estimates
544,2026-06-09_AM,TOMATO_09,tomato,2026-06-09T06:00:00,8.0,room,82,30,266,4.2,99,3.9,256,30.1,73.7,overripe,synthetic_v0,simulated; ranges are estimates
545,2026-06-09_PM,TOMATO_09,tomato,2026-06-09T18:00:00,8.5,room,84,32,201,6.5,61,4.8,169,29.4,64.0,overripe,synthetic_v0,simulated; ranges are estimates
546,2026-06-10_AM,TOMATO_09,tomato,2026-06-10T06:00:00,9.0,room,80,27,304,7.5,84,2.9,24,29.3,68.9,rotten,synthetic_v0,simulated; ranges are estimates
547,2026-06-10_PM,TOMATO_09,tomato,2026-06-10T18:00:00,9.5,room,75,32,172,5.1,172,7.0,98,25.7,63.1,rotten,synthetic_v0,simulated; ranges are estimates
548,2026-06-11_AM,TOMATO_09,tomato,2026-06-11T06:00:00,10.0,room,73,33,327,4.5,184,5.4,75,30.7,63.8,rotten,synthetic_v0,simulated; ranges are estimates
549,2026-06-11_PM,TOMATO_09,tomato,2026-06-11T18:00:00,10.5,room,74,31,318,5.9,241,4.9,85,28.6,53.9,rotten,synthetic_v0,simulated; ranges are estimates
550,2026-06-01_AM,TOMATO_10,tomato,2026-06-01T06:00:00,0.0,room,77,25,93,4.0,31,2.4,508,28.7,58.6,fresh,synthetic_v0,simulated; ranges are estimates
551,2026-06-01_PM,TOMATO_10,tomato,2026-06-01T18:00:00,0.5,room,70,28,101,7.4,32,1.7,485,27.0,53.3,fresh,synthetic_v0,simulated; ranges are estimates
552,2026-06-02_AM,TOMATO_10,tomato,2026-06-02T06:00:00,1.0,room,72,31,104,7.1,33,4.6,499,28.6,62.4,fresh,synthetic_v0,simulated; ranges are estimates
553,2026-06-02_PM,TOMATO_10,tomato,2026-06-02T18:00:00,1.5,room,78,29,104,8.3,36,4.3,488,28.3,61.0,fresh,synthetic_v0,simulated; ranges are estimates
554,2026-06-03_AM,TOMATO_10,tomato,2026-06-03T06:00:00,2.0,room,65,26,78,7.0,28,4.0,543,27.2,62.4,fresh,synthetic_v0,simulated; ranges are estimates
555,2026-06-03_PM,TOMATO_10,tomato,2026-06-03T18:00:00,2.5,room,77,24,104,5.1,27,3.8,470,27.2,61.1,fresh,synthetic_v0,simulated; ranges are estimates
556,2026-06-04_AM,TOMATO_10,tomato,2026-06-04T06:00:00,3.0,room,82,26,136,9.6,50,4.0,327,30.7,66.0,ripe,synthetic_v0,simulated; ranges are estimates
557,2026-06-04_PM,TOMATO_10,tomato,2026-06-04T18:00:00,3.5,room,76,27,129,5.4,48,3.6,351,29.5,69.8,ripe,synthetic_v0,simulated; ranges are estimates
558,2026-06-05_AM,TOMATO_10,tomato,2026-06-05T06:00:00,4.0,room,73,26,128,3.5,48,3.6,402,26.6,57.9,ripe,synthetic_v0,simulated; ranges are estimates
559,2026-06-05_PM,TOMATO_10,tomato,2026-06-05T18:00:00,4.5,room,82,23,122,6.9,40,5.8,379,25.4,69.5,ripe,synthetic_v0,simulated; ranges are estimates
560,2026-06-06_AM,TOMATO_10,tomato,2026-06-06T06:00:00,5.0,room,75,30,107,8.3,44,1.6,362,28.0,51.3,ripe,synthetic_v0,simulated; ranges are estimates
561,2026-06-06_PM,TOMATO_10,tomato,2026-06-06T18:00:00,5.5,room,79,31,125,2.7,53,4.9,411,29.4,57.9,ripe,synthetic_v0,simulated; ranges are estimates
562,2026-06-07_AM,TOMATO_10,tomato,2026-06-07T06:00:00,6.0,room,73,32,153,7.4,82,3.1,218,27.0,60.8,overripe,synthetic_v0,simulated; ranges are estimates
563,2026-06-07_PM,TOMATO_10,tomato,2026-06-07T18:00:00,6.5,room,81,36,204,4.1,70,3.0,265,27.1,59.4,overripe,synthetic_v0,simulated; ranges are estimates
564,2026-06-08_AM,TOMATO_10,tomato,2026-06-08T06:00:00,7.0,room,79,31,332,5.9,103,5.7,142,26.9,47.2,rotten,synthetic_v0,simulated; ranges are estimates
565,2026-06-08_PM,TOMATO_10,tomato,2026-06-08T18:00:00,7.5,room,78,33,317,3.9,134,2.9,187,28.9,45.2,rotten,synthetic_v0,simulated; ranges are estimates
566,2026-06-09_AM,TOMATO_10,tomato,2026-06-09T06:00:00,8.0,room,83,31,409,3.9,206,3.8,103,26.5,63.9,rotten,synthetic_v0,simulated; ranges are estimates
567,2026-06-09_PM,TOMATO_10,tomato,2026-06-09T18:00:00,8.5,room,81,34,413,6.9,166,3.4,89,28.4,51.5,rotten,synthetic_v0,simulated; ranges are estimates
568,2026-06-01_AM,POTATO_01,potato,2026-06-01T06:00:00,0.0,room,73,23,82,7.6,26,6.9,681,26.9,52.1,fresh,synthetic_v0,simulated; ranges are estimates
569,2026-06-01_PM,POTATO_01,potato,2026-06-01T18:00:00,0.5,room,67,24,76,6.7,26,3.1,680,28.9,65.8,fresh,synthetic_v0,simulated; ranges are estimates
570,2026-06-02_AM,POTATO_01,potato,2026-06-02T06:00:00,1.0,room,69,24,70,6.1,25,2.6,599,27.2,50.2,fresh,synthetic_v0,simulated; ranges are estimates
571,2026-06-02_PM,POTATO_01,potato,2026-06-02T18:00:00,1.5,room,72,27,85,5.2,31,3.4,605,28.1,71.4,fresh,synthetic_v0,simulated; ranges are estimates
572,2026-06-03_AM,POTATO_01,potato,2026-06-03T06:00:00,2.0,room,76,23,88,7.7,26,3.8,595,25.9,63.6,fresh,synthetic_v0,simulated; ranges are estimates
573,2026-06-03_PM,POTATO_01,potato,2026-06-03T18:00:00,2.5,room,74,26,83,6.3,31,4.5,636,26.3,52.8,fresh,synthetic_v0,simulated; ranges are estimates
574,2026-06-04_AM,POTATO_01,potato,2026-06-04T06:00:00,3.0,room,66,29,69,7.2,31,2.2,658,27.9,73.4,fresh,synthetic_v0,simulated; ranges are estimates
575,2026-06-04_PM,POTATO_01,potato,2026-06-04T18:00:00,3.5,room,81,30,89,7.1,36,3.1,630,27.7,61.3,fresh,synthetic_v0,simulated; ranges are estimates
576,2026-06-05_AM,POTATO_01,potato,2026-06-05T06:00:00,4.0,room,77,29,83,11.0,30,4.7,725,26.0,53.8,fresh,synthetic_v0,simulated; ranges are estimates
577,2026-06-05_PM,POTATO_01,potato,2026-06-05T18:00:00,4.5,room,78,32,88,5.3,35,1.7,684,28.9,69.0,fresh,synthetic_v0,simulated; ranges are estimates
578,2026-06-06_AM,POTATO_01,potato,2026-06-06T06:00:00,5.0,room,76,29,83,6.8,31,4.7,693,30.3,51.6,fresh,synthetic_v0,simulated; ranges are estimates
579,2026-06-06_PM,POTATO_01,potato,2026-06-06T18:00:00,5.5,room,75,29,89,6.1,33,4.3,585,29.4,63.1,fresh,synthetic_v0,simulated; ranges are estimates
580,2026-06-07_AM,POTATO_01,potato,2026-06-07T06:00:00,6.0,room,79,30,87,5.3,31,6.5,653,30.0,65.1,fresh,synthetic_v0,simulated; ranges are estimates
581,2026-06-07_PM,POTATO_01,potato,2026-06-07T18:00:00,6.5,room,79,29,89,6.9,32,5.4,650,27.0,54.5,fresh,synthetic_v0,simulated; ranges are estimates
582,2026-06-08_AM,POTATO_01,potato,2026-06-08T06:00:00,7.0,room,84,32,91,6.1,33,4.7,633,31.8,61.5,fresh,synthetic_v0,simulated; ranges are estimates
583,2026-06-08_PM,POTATO_01,potato,2026-06-08T18:00:00,7.5,room,81,24,97,7.3,29,6.9,405,25.0,72.2,fresh,synthetic_v0,simulated; ranges are estimates
584,2026-06-09_AM,POTATO_01,potato,2026-06-09T06:00:00,8.0,room,67,32,76,8.3,33,4.5,662,28.9,56.7,fresh,synthetic_v0,simulated; ranges are estimates
585,2026-06-09_PM,POTATO_01,potato,2026-06-09T18:00:00,8.5,room,71,32,89,4.3,36,1.6,558,28.1,63.1,fresh,synthetic_v0,simulated; ranges are estimates
586,2026-06-10_AM,POTATO_01,potato,2026-06-10T06:00:00,9.0,room,72,32,84,2.1,33,3.5,629,28.0,61.3,fresh,synthetic_v0,simulated; ranges are estimates
587,2026-06-10_PM,POTATO_01,potato,2026-06-10T18:00:00,9.5,room,79,31,92,6.6,36,3.7,633,27.0,64.2,fresh,synthetic_v0,simulated; ranges are estimates
588,2026-06-11_AM,POTATO_01,potato,2026-06-11T06:00:00,10.0,room,75,31,84,5.0,33,1.5,621,28.6,61.9,fresh,synthetic_v0,simulated; ranges are estimates
589,2026-06-11_PM,POTATO_01,potato,2026-06-11T18:00:00,10.5,room,81,28,93,2.5,34,6.3,585,30.1,64.8,fresh,synthetic_v0,simulated; ranges are estimates
590,2026-06-12_AM,POTATO_01,potato,2026-06-12T06:00:00,11.0,room,73,35,80,7.3,37,7.3,715,28.4,56.8,fresh,synthetic_v0,simulated; ranges are estimates
591,2026-06-12_PM,POTATO_01,potato,2026-06-12T18:00:00,11.5,room,74,24,91,4.0,30,4.3,639,29.5,63.4,fresh,synthetic_v0,simulated; ranges are estimates
592,2026-06-13_AM,POTATO_01,potato,2026-06-13T06:00:00,12.0,room,76,28,89,11.1,28,1.7,658,27.6,59.9,fresh,synthetic_v0,simulated; ranges are estimates
593,2026-06-13_PM,POTATO_01,potato,2026-06-13T18:00:00,12.5,room,74,33,87,12.4,39,4.2,639,28.3,46.3,fresh,synthetic_v0,simulated; ranges are estimates
594,2026-06-14_AM,POTATO_01,potato,2026-06-14T06:00:00,13.0,room,72,33,75,8.7,34,4.1,640,27.5,45.1,fresh,synthetic_v0,simulated; ranges are estimates
595,2026-06-14_PM,POTATO_01,potato,2026-06-14T18:00:00,13.5,room,76,32,91,7.2,35,5.0,698,28.8,66.9,fresh,synthetic_v0,simulated; ranges are estimates
596,2026-06-15_AM,POTATO_01,potato,2026-06-15T06:00:00,14.0,room,65,25,71,6.6,27,5.7,659,29.7,53.0,fresh,synthetic_v0,simulated; ranges are estimates
597,2026-06-15_PM,POTATO_01,potato,2026-06-15T18:00:00,14.5,room,74,27,87,7.1,29,3.1,766,30.9,57.2,fresh,synthetic_v0,simulated; ranges are estimates
598,2026-06-16_AM,POTATO_01,potato,2026-06-16T06:00:00,15.0,room,72,28,88,8.4,29,4.9,646,27.9,68.9,fresh,synthetic_v0,simulated; ranges are estimates
599,2026-06-16_PM,POTATO_01,potato,2026-06-16T18:00:00,15.5,room,81,30,94,5.4,36,1.7,606,26.2,55.9,fresh,synthetic_v0,simulated; ranges are estimates
600,2026-06-17_AM,POTATO_01,potato,2026-06-17T06:00:00,16.0,room,69,34,81,8.7,35,5.7,599,28.0,56.5,fresh,synthetic_v0,simulated; ranges are estimates
601,2026-06-17_PM,POTATO_01,potato,2026-06-17T18:00:00,16.5,room,74,26,97,6.8,31,3.3,597,25.9,65.6,fresh,synthetic_v0,simulated; ranges are estimates
602,2026-06-18_AM,POTATO_01,potato,2026-06-18T06:00:00,17.0,room,72,27,80,4.9,28,2.5,630,30.8,63.7,fresh,synthetic_v0,simulated; ranges are estimates
603,2026-06-18_PM,POTATO_01,potato,2026-06-18T18:00:00,17.5,room,70,31,81,6.9,37,4.5,624,27.4,49.4,fresh,synthetic_v0,simulated; ranges are estimates
604,2026-06-19_AM,POTATO_01,potato,2026-06-19T06:00:00,18.0,room,67,27,68,11.1,29,3.4,689,27.2,51.1,fresh,synthetic_v0,simulated; ranges are estimates
605,2026-06-19_PM,POTATO_01,potato,2026-06-19T18:00:00,18.5,room,67,28,78,4.5,31,3.9,687,25.9,55.3,fresh,synthetic_v0,simulated; ranges are estimates
606,2026-06-20_AM,POTATO_01,potato,2026-06-20T06:00:00,19.0,room,64,27,75,7.9,30,6.2,677,28.9,59.7,fresh,synthetic_v0,simulated; ranges are estimates
607,2026-06-20_PM,POTATO_01,potato,2026-06-20T18:00:00,19.5,room,69,30,75,7.6,35,4.0,624,29.7,70.5,fresh,synthetic_v0,simulated; ranges are estimates
608,2026-06-21_AM,POTATO_01,potato,2026-06-21T06:00:00,20.0,room,69,30,86,2.7,37,3.6,481,30.0,63.7,ripe,synthetic_v0,simulated; ranges are estimates
609,2026-06-21_PM,POTATO_01,potato,2026-06-21T18:00:00,20.5,room,72,27,106,8.2,38,3.2,449,27.0,70.2,ripe,synthetic_v0,simulated; ranges are estimates
610,2026-06-22_AM,POTATO_01,potato,2026-06-22T06:00:00,21.0,room,68,29,91,7.6,34,6.3,508,28.6,75.8,ripe,synthetic_v0,simulated; ranges are estimates
611,2026-06-22_PM,POTATO_01,potato,2026-06-22T18:00:00,21.5,room,67,25,113,6.1,40,3.7,567,28.9,73.4,ripe,synthetic_v0,simulated; ranges are estimates
612,2026-06-23_AM,POTATO_01,potato,2026-06-23T06:00:00,22.0,room,64,26,91,6.3,31,6.6,503,27.6,60.4,ripe,synthetic_v0,simulated; ranges are estimates
613,2026-06-23_PM,POTATO_01,potato,2026-06-23T18:00:00,22.5,room,59,27,105,5.7,37,4.8,538,28.5,60.5,ripe,synthetic_v0,simulated; ranges are estimates
614,2026-06-24_AM,POTATO_01,potato,2026-06-24T06:00:00,23.0,room,63,26,87,11.4,30,2.2,592,26.1,52.3,ripe,synthetic_v0,simulated; ranges are estimates
615,2026-06-24_PM,POTATO_01,potato,2026-06-24T18:00:00,23.5,room,62,27,94,5.5,37,4.0,477,25.6,50.7,ripe,synthetic_v0,simulated; ranges are estimates
616,2026-06-25_AM,POTATO_01,potato,2026-06-25T06:00:00,24.0,room,58,26,133,3.0,59,5.0,253,23.8,69.8,overripe,synthetic_v0,simulated; ranges are estimates
617,2026-06-25_PM,POTATO_01,potato,2026-06-25T18:00:00,24.5,room,55,26,147,7.4,89,1.5,230,28.6,58.3,overripe,synthetic_v0,simulated; ranges are estimates
618,2026-06-26_AM,POTATO_01,potato,2026-06-26T06:00:00,25.0,room,63,20,148,5.2,31,1.9,417,30.4,59.5,overripe,synthetic_v0,simulated; ranges are estimates
619,2026-06-26_PM,POTATO_01,potato,2026-06-26T18:00:00,25.5,room,70,27,142,6.9,57,4.3,432,27.7,59.6,overripe,synthetic_v0,simulated; ranges are estimates
620,2026-06-27_AM,POTATO_01,potato,2026-06-27T06:00:00,26.0,room,68,22,133,3.2,43,2.9,322,30.2,58.3,overripe,synthetic_v0,simulated; ranges are estimates
621,2026-06-27_PM,POTATO_01,potato,2026-06-27T18:00:00,26.5,room,66,15,138,5.0,40,1.5,361,29.4,61.9,overripe,synthetic_v0,simulated; ranges are estimates
622,2026-06-28_AM,POTATO_01,potato,2026-06-28T06:00:00,27.0,room,63,19,108,6.4,48,1.9,437,28.3,59.6,overripe,synthetic_v0,simulated; ranges are estimates
623,2026-06-28_PM,POTATO_01,potato,2026-06-28T18:00:00,27.5,room,67,24,149,5.6,40,4.6,275,25.5,65.6,overripe,synthetic_v0,simulated; ranges are estimates
624,2026-06-29_AM,POTATO_01,potato,2026-06-29T06:00:00,28.0,room,68,21,229,3.0,71,5.6,203,27.8,59.2,rotten,synthetic_v0,simulated; ranges are estimates
625,2026-06-29_PM,POTATO_01,potato,2026-06-29T18:00:00,28.5,room,58,21,190,4.7,134,5.3,154,24.7,62.8,rotten,synthetic_v0,simulated; ranges are estimates
626,2026-06-30_AM,POTATO_01,potato,2026-06-30T06:00:00,29.0,room,73,25,324,5.4,102,4.8,115,26.8,66.1,rotten,synthetic_v0,simulated; ranges are estimates
627,2026-06-30_PM,POTATO_01,potato,2026-06-30T18:00:00,29.5,room,75,21,204,7.8,143,3.2,146,29.2,58.7,rotten,synthetic_v0,simulated; ranges are estimates
628,2026-07-01_AM,POTATO_01,potato,2026-07-01T06:00:00,30.0,room,65,19,203,7.3,189,3.2,144,26.4,58.1,rotten,synthetic_v0,simulated; ranges are estimates
629,2026-07-01_PM,POTATO_01,potato,2026-07-01T18:00:00,30.5,room,72,19,309,6.7,131,5.0,236,29.1,50.8,rotten,synthetic_v0,simulated; ranges are estimates
630,2026-07-02_AM,POTATO_01,potato,2026-07-02T06:00:00,31.0,room,65,17,194,6.2,138,1.5,164,31.1,52.8,rotten,synthetic_v0,simulated; ranges are estimates
631,2026-07-02_PM,POTATO_01,potato,2026-07-02T18:00:00,31.5,room,78,16,146,3.9,122,1.9,90,29.2,65.7,rotten,synthetic_v0,simulated; ranges are estimates
632,2026-06-01_AM,POTATO_02,potato,2026-06-01T06:00:00,0.0,room,69,23,84,4.3,27,5.5,605,27.9,57.4,fresh,synthetic_v0,simulated; ranges are estimates
633,2026-06-01_PM,POTATO_02,potato,2026-06-01T18:00:00,0.5,room,67,23,86,10.9,31,6.0,547,26.9,57.8,fresh,synthetic_v0,simulated; ranges are estimates
634,2026-06-02_AM,POTATO_02,potato,2026-06-02T06:00:00,1.0,room,71,26,79,3.4,29,2.3,626,27.3,56.5,fresh,synthetic_v0,simulated; ranges are estimates
635,2026-06-02_PM,POTATO_02,potato,2026-06-02T18:00:00,1.5,room,80,29,94,7.6,35,4.7,491,29.9,58.3,fresh,synthetic_v0,simulated; ranges are estimates
636,2026-06-03_AM,POTATO_02,potato,2026-06-03T06:00:00,2.0,room,73,27,90,6.0,28,2.4,593,24.9,58.9,fresh,synthetic_v0,simulated; ranges are estimates
637,2026-06-03_PM,POTATO_02,potato,2026-06-03T18:00:00,2.5,room,79,31,106,5.1,37,3.2,603,27.0,43.5,fresh,synthetic_v0,simulated; ranges are estimates
638,2026-06-04_AM,POTATO_02,potato,2026-06-04T06:00:00,3.0,room,80,25,87,9.5,26,7.1,549,25.5,57.2,fresh,synthetic_v0,simulated; ranges are estimates
639,2026-06-04_PM,POTATO_02,potato,2026-06-04T18:00:00,3.5,room,70,30,82,9.2,36,4.8,537,29.0,38.7,fresh,synthetic_v0,simulated; ranges are estimates
640,2026-06-05_AM,POTATO_02,potato,2026-06-05T06:00:00,4.0,room,75,34,96,3.6,34,6.6,544,28.4,53.9,fresh,synthetic_v0,simulated; ranges are estimates
641,2026-06-05_PM,POTATO_02,potato,2026-06-05T18:00:00,4.5,room,76,20,90,5.2,25,5.5,468,25.8,61.8,fresh,synthetic_v0,simulated; ranges are estimates
642,2026-06-06_AM,POTATO_02,potato,2026-06-06T06:00:00,5.0,room,77,33,88,3.3,36,3.7,599,27.3,58.9,fresh,synthetic_v0,simulated; ranges are estimates
643,2026-06-06_PM,POTATO_02,potato,2026-06-06T18:00:00,5.5,room,80,30,95,6.3,36,3.7,520,27.9,47.0,fresh,synthetic_v0,simulated; ranges are estimates
644,2026-06-07_AM,POTATO_02,potato,2026-06-07T06:00:00,6.0,room,83,26,102,8.4,28,5.5,530,28.3,66.1,fresh,synthetic_v0,simulated; ranges are estimates
645,2026-06-07_PM,POTATO_02,potato,2026-06-07T18:00:00,6.5,room,76,29,96,5.4,33,4.0,628,29.1,60.2,fresh,synthetic_v0,simulated; ranges are estimates
646,2026-06-08_AM,POTATO_02,potato,2026-06-08T06:00:00,7.0,room,77,29,94,6.0,31,5.3,553,27.9,74.5,fresh,synthetic_v0,simulated; ranges are estimates
647,2026-06-08_PM,POTATO_02,potato,2026-06-08T18:00:00,7.5,room,77,28,84,8.3,32,4.0,534,27.3,69.8,fresh,synthetic_v0,simulated; ranges are estimates
648,2026-06-09_AM,POTATO_02,potato,2026-06-09T06:00:00,8.0,room,84,33,91,6.5,35,3.6,643,29.1,68.1,fresh,synthetic_v0,simulated; ranges are estimates
649,2026-06-09_PM,POTATO_02,potato,2026-06-09T18:00:00,8.5,room,76,30,85,4.0,37,3.2,507,28.7,57.4,fresh,synthetic_v0,simulated; ranges are estimates
650,2026-06-10_AM,POTATO_02,potato,2026-06-10T06:00:00,9.0,room,75,30,80,5.8,33,3.7,612,28.6,43.8,fresh,synthetic_v0,simulated; ranges are estimates
651,2026-06-10_PM,POTATO_02,potato,2026-06-10T18:00:00,9.5,room,80,39,94,7.9,45,1.5,635,28.8,80.6,fresh,synthetic_v0,simulated; ranges are estimates
652,2026-06-11_AM,POTATO_02,potato,2026-06-11T06:00:00,10.0,room,80,26,94,4.1,27,4.1,616,26.7,55.6,fresh,synthetic_v0,simulated; ranges are estimates
653,2026-06-11_PM,POTATO_02,potato,2026-06-11T18:00:00,10.5,room,83,30,91,6.2,33,5.5,501,27.2,72.6,fresh,synthetic_v0,simulated; ranges are estimates
654,2026-06-12_AM,POTATO_02,potato,2026-06-12T06:00:00,11.0,room,74,29,79,2.5,33,3.5,657,29.9,48.4,fresh,synthetic_v0,simulated; ranges are estimates
655,2026-06-12_PM,POTATO_02,potato,2026-06-12T18:00:00,11.5,room,79,34,97,5.9,41,3.2,650,26.6,67.8,fresh,synthetic_v0,simulated; ranges are estimates
656,2026-06-13_AM,POTATO_02,potato,2026-06-13T06:00:00,12.0,room,70,29,83,11.1,31,3.8,572,27.3,68.1,fresh,synthetic_v0,simulated; ranges are estimates
657,2026-06-13_PM,POTATO_02,potato,2026-06-13T18:00:00,12.5,room,76,34,90,2.3,38,4.6,483,26.0,70.0,fresh,synthetic_v0,simulated; ranges are estimates
658,2026-06-14_AM,POTATO_02,potato,2026-06-14T06:00:00,13.0,room,74,29,81,4.0,32,5.8,521,28.5,58.1,fresh,synthetic_v0,simulated; ranges are estimates
659,2026-06-14_PM,POTATO_02,potato,2026-06-14T18:00:00,13.5,room,77,30,87,9.1,38,3.7,532,29.2,65.9,fresh,synthetic_v0,simulated; ranges are estimates
660,2026-06-15_AM,POTATO_02,potato,2026-06-15T06:00:00,14.0,room,77,27,96,6.1,32,3.2,547,27.5,73.7,fresh,synthetic_v0,simulated; ranges are estimates
661,2026-06-15_PM,POTATO_02,potato,2026-06-15T18:00:00,14.5,room,69,27,89,6.3,36,3.0,538,28.2,45.8,fresh,synthetic_v0,simulated; ranges are estimates
662,2026-06-16_AM,POTATO_02,potato,2026-06-16T06:00:00,15.0,room,74,30,86,7.5,32,2.2,517,28.8,76.6,fresh,synthetic_v0,simulated; ranges are estimates
663,2026-06-16_PM,POTATO_02,potato,2026-06-16T18:00:00,15.5,room,77,25,94,6.8,30,4.0,494,30.9,58.0,fresh,synthetic_v0,simulated; ranges are estimates
664,2026-06-17_AM,POTATO_02,potato,2026-06-17T06:00:00,16.0,room,74,25,80,4.1,28,4.0,609,25.9,58.6,fresh,synthetic_v0,simulated; ranges are estimates
665,2026-06-17_PM,POTATO_02,potato,2026-06-17T18:00:00,16.5,room,73,27,81,6.1,32,2.5,641,27.5,47.2,fresh,synthetic_v0,simulated; ranges are estimates
666,2026-06-18_AM,POTATO_02,potato,2026-06-18T06:00:00,17.0,room,64,32,75,5.9,37,5.0,554,24.0,61.6,fresh,synthetic_v0,simulated; ranges are estimates
667,2026-06-18_PM,POTATO_02,potato,2026-06-18T18:00:00,17.5,room,68,33,77,4.2,41,4.3,547,27.7,72.3,fresh,synthetic_v0,simulated; ranges are estimates
668,2026-06-19_AM,POTATO_02,potato,2026-06-19T06:00:00,18.0,room,68,28,85,8.8,32,4.9,595,28.3,69.9,fresh,synthetic_v0,simulated; ranges are estimates
669,2026-06-19_PM,POTATO_02,potato,2026-06-19T18:00:00,18.5,room,66,28,93,8.9,35,5.2,538,28.5,57.4,fresh,synthetic_v0,simulated; ranges are estimates
670,2026-06-20_AM,POTATO_02,potato,2026-06-20T06:00:00,19.0,room,66,27,75,5.2,30,5.4,571,29.9,67.8,fresh,synthetic_v0,simulated; ranges are estimates
671,2026-06-20_PM,POTATO_02,potato,2026-06-20T18:00:00,19.5,room,64,29,72,11.2,36,6.2,566,29.1,62.0,fresh,synthetic_v0,simulated; ranges are estimates
672,2026-06-21_AM,POTATO_02,potato,2026-06-21T06:00:00,20.0,room,65,23,66,2.0,25,3.2,557,27.6,58.3,fresh,synthetic_v0,simulated; ranges are estimates
673,2026-06-21_PM,POTATO_02,potato,2026-06-21T18:00:00,20.5,room,61,25,82,5.9,32,2.8,556,26.8,68.1,fresh,synthetic_v0,simulated; ranges are estimates
674,2026-06-22_AM,POTATO_02,potato,2026-06-22T06:00:00,21.0,room,61,22,73,5.9,25,5.3,467,28.7,77.8,fresh,synthetic_v0,simulated; ranges are estimates
675,2026-06-22_PM,POTATO_02,potato,2026-06-22T18:00:00,21.5,room,68,30,91,4.9,38,4.2,604,27.0,63.2,fresh,synthetic_v0,simulated; ranges are estimates
676,2026-06-23_AM,POTATO_02,potato,2026-06-23T06:00:00,22.0,room,60,23,74,3.1,25,2.3,469,26.7,63.3,fresh,synthetic_v0,simulated; ranges are estimates
677,2026-06-23_PM,POTATO_02,potato,2026-06-23T18:00:00,22.5,room,63,28,86,8.2,35,5.4,569,28.6,70.2,fresh,synthetic_v0,simulated; ranges are estimates
678,2026-06-24_AM,POTATO_02,potato,2026-06-24T06:00:00,23.0,room,53,23,63,3.1,27,6.1,632,26.2,50.9,fresh,synthetic_v0,simulated; ranges are estimates
679,2026-06-24_PM,POTATO_02,potato,2026-06-24T18:00:00,23.5,room,61,23,79,5.1,28,3.9,608,28.0,73.5,fresh,synthetic_v0,simulated; ranges are estimates
680,2026-06-25_AM,POTATO_02,potato,2026-06-25T06:00:00,24.0,room,51,21,87,5.7,24,3.0,436,28.1,65.0,ripe,synthetic_v0,simulated; ranges are estimates
681,2026-06-25_PM,POTATO_02,potato,2026-06-25T18:00:00,24.5,room,61,22,100,5.1,26,5.9,466,28.9,69.4,ripe,synthetic_v0,simulated; ranges are estimates
682,2026-06-26_AM,POTATO_02,potato,2026-06-26T06:00:00,25.0,room,58,22,80,9.0,27,2.3,500,27.3,59.4,ripe,synthetic_v0,simulated; ranges are estimates
683,2026-06-26_PM,POTATO_02,potato,2026-06-26T18:00:00,25.5,room,65,18,109,6.3,19,4.6,428,27.8,57.1,ripe,synthetic_v0,simulated; ranges are estimates
684,2026-06-27_AM,POTATO_02,potato,2026-06-27T06:00:00,26.0,room,66,23,95,9.4,31,5.2,463,29.8,55.1,ripe,synthetic_v0,simulated; ranges are estimates
685,2026-06-27_PM,POTATO_02,potato,2026-06-27T18:00:00,26.5,room,61,22,88,5.4,36,5.0,484,28.3,65.8,ripe,synthetic_v0,simulated; ranges are estimates
686,2026-06-28_AM,POTATO_02,potato,2026-06-28T06:00:00,27.0,room,58,21,94,2.0,31,2.4,421,27.9,60.5,ripe,synthetic_v0,simulated; ranges are estimates
687,2026-06-28_PM,POTATO_02,potato,2026-06-28T18:00:00,27.5,room,71,23,110,5.7,38,2.4,422,30.1,63.1,ripe,synthetic_v0,simulated; ranges are estimates
688,2026-06-29_AM,POTATO_02,potato,2026-06-29T06:00:00,28.0,room,62,21,105,4.7,27,4.5,425,27.5,56.4,ripe,synthetic_v0,simulated; ranges are estimates
689,2026-06-29_PM,POTATO_02,potato,2026-06-29T18:00:00,28.5,room,60,21,95,7.4,32,4.8,478,27.6,55.5,ripe,synthetic_v0,simulated; ranges are estimates
690,2026-06-30_AM,POTATO_02,potato,2026-06-30T06:00:00,29.0,room,62,19,99,4.1,23,1.5,451,29.2,56.2,ripe,synthetic_v0,simulated; ranges are estimates
691,2026-06-30_PM,POTATO_02,potato,2026-06-30T18:00:00,29.5,room,63,18,120,8.1,27,1.5,438,31.0,79.6,ripe,synthetic_v0,simulated; ranges are estimates
692,2026-07-01_AM,POTATO_02,potato,2026-07-01T06:00:00,30.0,room,57,20,137,7.6,53,3.8,288,26.6,58.6,overripe,synthetic_v0,simulated; ranges are estimates
693,2026-07-01_PM,POTATO_02,potato,2026-07-01T18:00:00,30.5,room,70,17,217,5.2,45,4.8,301,30.7,64.6,overripe,synthetic_v0,simulated; ranges are estimates
694,2026-07-02_AM,POTATO_02,potato,2026-07-02T06:00:00,31.0,room,63,16,151,7.6,49,2.4,227,30.2,74.6,overripe,synthetic_v0,simulated; ranges are estimates
695,2026-07-02_PM,POTATO_02,potato,2026-07-02T18:00:00,31.5,room,68,22,183,5.4,53,3.3,257,27.5,67.6,overripe,synthetic_v0,simulated; ranges are estimates
696,2026-07-03_AM,POTATO_02,potato,2026-07-03T06:00:00,32.0,room,68,25,133,6.0,85,3.3,260,27.5,66.4,overripe,synthetic_v0,simulated; ranges are estimates
697,2026-07-03_PM,POTATO_02,potato,2026-07-03T18:00:00,32.5,room,77,24,181,3.7,51,3.3,261,28.4,44.7,overripe,synthetic_v0,simulated; ranges are estimates
698,2026-07-04_AM,POTATO_02,potato,2026-07-04T06:00:00,33.0,room,72,25,486,6.9,114,1.5,65,29.7,58.3,rotten,synthetic_v0,simulated; ranges are estimates
699,2026-07-04_PM,POTATO_02,potato,2026-07-04T18:00:00,33.5,room,80,15,378,7.2,122,5.0,67,30.7,68.1,rotten,synthetic_v0,simulated; ranges are estimates
700,2026-07-05_AM,POTATO_02,potato,2026-07-05T06:00:00,34.0,room,72,17,243,9.0,219,4.8,94,28.5,57.5,rotten,synthetic_v0,simulated; ranges are estimates
701,2026-07-05_PM,POTATO_02,potato,2026-07-05T18:00:00,34.5,room,77,20,451,7.2,136,3.9,93,28.7,56.4,rotten,synthetic_v0,simulated; ranges are estimates
702,2026-06-01_AM,POTATO_03,potato,2026-06-01T06:00:00,0.0,room,68,24,83,9.7,26,3.9,667,30.7,48.8,fresh,synthetic_v0,simulated; ranges are estimates
703,2026-06-01_PM,POTATO_03,potato,2026-06-01T18:00:00,0.5,room,72,31,83,4.5,35,3.9,768,26.1,72.5,fresh,synthetic_v0,simulated; ranges are estimates
704,2026-06-02_AM,POTATO_03,potato,2026-06-02T06:00:00,1.0,room,76,26,80,3.8,29,1.5,683,27.0,48.4,fresh,synthetic_v0,simulated; ranges are estimates
705,2026-06-02_PM,POTATO_03,potato,2026-06-02T18:00:00,1.5,room,69,28,82,9.8,32,3.5,708,28.6,47.5,fresh,synthetic_v0,simulated; ranges are estimates
706,2026-06-03_AM,POTATO_03,potato,2026-06-03T06:00:00,2.0,room,79,25,92,7.3,27,3.3,740,29.6,53.9,fresh,synthetic_v0,simulated; ranges are estimates
707,2026-06-03_PM,POTATO_03,potato,2026-06-03T18:00:00,2.5,room,76,25,86,6.5,30,4.1,641,27.2,59.6,fresh,synthetic_v0,simulated; ranges are estimates
708,2026-06-04_AM,POTATO_03,potato,2026-06-04T06:00:00,3.0,room,75,25,83,8.1,26,4.4,842,29.8,44.2,fresh,synthetic_v0,simulated; ranges are estimates
709,2026-06-04_PM,POTATO_03,potato,2026-06-04T18:00:00,3.5,room,64,26,73,3.7,29,4.6,758,28.0,62.8,fresh,synthetic_v0,simulated; ranges are estimates
710,2026-06-05_AM,POTATO_03,potato,2026-06-05T06:00:00,4.0,room,74,32,82,7.5,35,3.9,658,27.5,65.1,fresh,synthetic_v0,simulated; ranges are estimates
711,2026-06-05_PM,POTATO_03,potato,2026-06-05T18:00:00,4.5,room,75,20,88,6.0,22,2.1,815,27.4,60.1,fresh,synthetic_v0,simulated; ranges are estimates
712,2026-06-06_AM,POTATO_03,potato,2026-06-06T06:00:00,5.0,room,73,33,91,3.4,35,6.3,703,28.1,57.7,fresh,synthetic_v0,simulated; ranges are estimates
713,2026-06-06_PM,POTATO_03,potato,2026-06-06T18:00:00,5.5,room,79,27,84,8.3,32,3.7,698,27.8,50.3,fresh,synthetic_v0,simulated; ranges are estimates
714,2026-06-07_AM,POTATO_03,potato,2026-06-07T06:00:00,6.0,room,80,26,87,2.6,28,3.7,711,29.2,57.0,fresh,synthetic_v0,simulated; ranges are estimates
715,2026-06-07_PM,POTATO_03,potato,2026-06-07T18:00:00,6.5,room,77,29,84,3.9,34,3.4,762,25.9,67.5,fresh,synthetic_v0,simulated; ranges are estimates
716,2026-06-08_AM,POTATO_03,potato,2026-06-08T06:00:00,7.0,room,78,27,86,3.1,27,2.4,643,30.0,54.1,fresh,synthetic_v0,simulated; ranges are estimates
717,2026-06-08_PM,POTATO_03,potato,2026-06-08T18:00:00,7.5,room,80,27,88,10.7,32,4.9,707,27.1,65.5,fresh,synthetic_v0,simulated; ranges are estimates
718,2026-06-09_AM,POTATO_03,potato,2026-06-09T06:00:00,8.0,room,87,25,91,5.3,26,2.0,680,30.1,48.6,fresh,synthetic_v0,simulated; ranges are estimates
719,2026-06-09_PM,POTATO_03,potato,2026-06-09T18:00:00,8.5,room,77,33,85,4.5,36,4.3,691,25.9,66.5,fresh,synthetic_v0,simulated; ranges are estimates
720,2026-06-10_AM,POTATO_03,potato,2026-06-10T06:00:00,9.0,room,78,30,93,4.9,32,3.7,662,27.9,53.4,fresh,synthetic_v0,simulated; ranges are estimates
721,2026-06-10_PM,POTATO_03,potato,2026-06-10T18:00:00,9.5,room,70,28,82,7.5,34,6.1,819,29.2,73.7,fresh,synthetic_v0,simulated; ranges are estimates
722,2026-06-11_AM,POTATO_03,potato,2026-06-11T06:00:00,10.0,room,85,33,96,5.3,34,4.9,702,26.9,58.5,fresh,synthetic_v0,simulated; ranges are estimates
723,2026-06-11_PM,POTATO_03,potato,2026-06-11T18:00:00,10.5,room,68,35,81,8.9,41,2.1,722,31.6,68.7,fresh,synthetic_v0,simulated; ranges are estimates
724,2026-06-12_AM,POTATO_03,potato,2026-06-12T06:00:00,11.0,room,77,34,81,2.3,36,4.8,789,28.8,75.8,fresh,synthetic_v0,simulated; ranges are estimates
725,2026-06-12_PM,POTATO_03,potato,2026-06-12T18:00:00,11.5,room,70,35,79,6.8,38,2.3,640,29.1,54.7,fresh,synthetic_v0,simulated; ranges are estimates
726,2026-06-13_AM,POTATO_03,potato,2026-06-13T06:00:00,12.0,room,71,28,81,7.4,30,5.6,706,27.5,51.6,fresh,synthetic_v0,simulated; ranges are estimates
727,2026-06-13_PM,POTATO_03,potato,2026-06-13T18:00:00,12.5,room,76,31,82,4.5,34,5.1,692,25.6,47.4,fresh,synthetic_v0,simulated; ranges are estimates
728,2026-06-14_AM,POTATO_03,potato,2026-06-14T06:00:00,13.0,room,73,29,75,5.2,30,4.2,681,27.0,71.8,fresh,synthetic_v0,simulated; ranges are estimates
729,2026-06-14_PM,POTATO_03,potato,2026-06-14T18:00:00,13.5,room,76,27,88,7.5,33,4.1,669,30.2,70.3,fresh,synthetic_v0,simulated; ranges are estimates
730,2026-06-15_AM,POTATO_03,potato,2026-06-15T06:00:00,14.0,room,73,29,84,6.2,30,3.4,803,27.3,50.3,fresh,synthetic_v0,simulated; ranges are estimates
731,2026-06-15_PM,POTATO_03,potato,2026-06-15T18:00:00,14.5,room,75,27,82,2.0,33,7.0,772,27.4,61.1,fresh,synthetic_v0,simulated; ranges are estimates
732,2026-06-16_AM,POTATO_03,potato,2026-06-16T06:00:00,15.0,room,73,31,83,9.5,34,4.8,735,30.9,67.2,fresh,synthetic_v0,simulated; ranges are estimates
733,2026-06-16_PM,POTATO_03,potato,2026-06-16T18:00:00,15.5,room,64,37,81,4.6,41,4.9,766,27.6,72.6,fresh,synthetic_v0,simulated; ranges are estimates
734,2026-06-17_AM,POTATO_03,potato,2026-06-17T06:00:00,16.0,room,71,32,72,6.4,33,5.4,728,27.5,60.4,fresh,synthetic_v0,simulated; ranges are estimates
735,2026-06-17_PM,POTATO_03,potato,2026-06-17T18:00:00,16.5,room,74,22,85,8.5,26,5.6,724,27.8,67.0,fresh,synthetic_v0,simulated; ranges are estimates
736,2026-06-18_AM,POTATO_03,potato,2026-06-18T06:00:00,17.0,room,71,28,77,5.9,29,2.4,753,25.5,66.7,fresh,synthetic_v0,simulated; ranges are estimates
737,2026-06-18_PM,POTATO_03,potato,2026-06-18T18:00:00,17.5,room,66,29,73,6.8,35,5.9,694,26.0,64.6,fresh,synthetic_v0,simulated; ranges are estimates
738,2026-06-19_AM,POTATO_03,potato,2026-06-19T06:00:00,18.0,room,71,27,95,7.2,33,4.8,581,26.5,67.9,ripe,synthetic_v0,simulated; ranges are estimates
739,2026-06-19_PM,POTATO_03,potato,2026-06-19T18:00:00,18.5,room,71,28,97,5.3,35,1.9,503,28.9,61.3,ripe,synthetic_v0,simulated; ranges are estimates
740,2026-06-20_AM,POTATO_03,potato,2026-06-20T06:00:00,19.0,room,59,28,84,4.4,35,2.8,543,27.2,60.2,ripe,synthetic_v0,simulated; ranges are estimates
741,2026-06-20_PM,POTATO_03,potato,2026-06-20T18:00:00,19.5,room,66,26,91,4.9,41,8.9,523,28.6,49.0,ripe,synthetic_v0,simulated; ranges are estimates
742,2026-06-21_AM,POTATO_03,potato,2026-06-21T06:00:00,20.0,room,67,24,101,9.2,28,4.8,540,29.5,63.5,ripe,synthetic_v0,simulated; ranges are estimates
743,2026-06-21_PM,POTATO_03,potato,2026-06-21T18:00:00,20.5,room,62,28,93,6.4,42,4.4,608,28.2,50.0,ripe,synthetic_v0,simulated; ranges are estimates
744,2026-06-22_AM,POTATO_03,potato,2026-06-22T06:00:00,21.0,room,63,26,85,7.5,32,5.0,564,28.3,49.1,ripe,synthetic_v0,simulated; ranges are estimates
745,2026-06-22_PM,POTATO_03,potato,2026-06-22T18:00:00,21.5,room,70,25,96,8.8,32,4.7,645,27.8,65.0,ripe,synthetic_v0,simulated; ranges are estimates
746,2026-06-23_AM,POTATO_03,potato,2026-06-23T06:00:00,22.0,room,63,24,91,6.4,28,4.9,577,27.1,65.7,ripe,synthetic_v0,simulated; ranges are estimates
747,2026-06-23_PM,POTATO_03,potato,2026-06-23T18:00:00,22.5,room,59,23,78,4.6,33,5.9,512,27.1,58.5,ripe,synthetic_v0,simulated; ranges are estimates
748,2026-06-24_AM,POTATO_03,potato,2026-06-24T06:00:00,23.0,room,58,27,91,6.1,34,3.2,592,26.8,70.3,ripe,synthetic_v0,simulated; ranges are estimates
749,2026-06-24_PM,POTATO_03,potato,2026-06-24T18:00:00,23.5,room,65,22,91,5.2,27,2.6,573,25.8,47.5,ripe,synthetic_v0,simulated; ranges are estimates
750,2026-06-25_AM,POTATO_03,potato,2026-06-25T06:00:00,24.0,room,61,23,114,7.2,56,3.7,383,26.8,60.9,overripe,synthetic_v0,simulated; ranges are estimates
751,2026-06-25_PM,POTATO_03,potato,2026-06-25T18:00:00,24.5,room,57,25,143,3.8,49,3.0,450,28.6,69.4,overripe,synthetic_v0,simulated; ranges are estimates
752,2026-06-26_AM,POTATO_03,potato,2026-06-26T06:00:00,25.0,room,69,23,169,4.1,46,4.6,452,24.5,51.0,overripe,synthetic_v0,simulated; ranges are estimates
753,2026-06-26_PM,POTATO_03,potato,2026-06-26T18:00:00,25.5,room,64,19,152,5.1,43,2.6,330,27.8,60.8,overripe,synthetic_v0,simulated; ranges are estimates
754,2026-06-27_AM,POTATO_03,potato,2026-06-27T06:00:00,26.0,room,62,27,118,6.1,67,5.8,326,29.7,56.6,overripe,synthetic_v0,simulated; ranges are estimates
755,2026-06-27_PM,POTATO_03,potato,2026-06-27T18:00:00,26.5,room,65,24,147,7.1,71,5.0,415,25.8,63.7,overripe,synthetic_v0,simulated; ranges are estimates
756,2026-06-28_AM,POTATO_03,potato,2026-06-28T06:00:00,27.0,room,60,20,165,8.3,43,2.6,344,27.3,70.0,overripe,synthetic_v0,simulated; ranges are estimates
757,2026-06-28_PM,POTATO_03,potato,2026-06-28T18:00:00,27.5,room,64,17,129,8.1,62,6.7,352,26.7,58.5,overripe,synthetic_v0,simulated; ranges are estimates
758,2026-06-29_AM,POTATO_03,potato,2026-06-29T06:00:00,28.0,room,67,19,140,6.1,42,4.1,373,28.2,55.2,overripe,synthetic_v0,simulated; ranges are estimates
759,2026-06-29_PM,POTATO_03,potato,2026-06-29T18:00:00,28.5,room,63,21,127,4.5,53,3.6,281,26.7,73.0,overripe,synthetic_v0,simulated; ranges are estimates
760,2026-06-30_AM,POTATO_03,potato,2026-06-30T06:00:00,29.0,room,66,21,247,5.7,106,2.6,93,27.6,39.5,rotten,synthetic_v0,simulated; ranges are estimates
761,2026-06-30_PM,POTATO_03,potato,2026-06-30T18:00:00,29.5,room,62,25,370,5.1,168,2.4,204,29.7,60.5,rotten,synthetic_v0,simulated; ranges are estimates
762,2026-07-01_AM,POTATO_03,potato,2026-07-01T06:00:00,30.0,room,78,19,426,9.4,99,2.5,243,27.3,51.7,rotten,synthetic_v0,simulated; ranges are estimates
763,2026-07-01_PM,POTATO_03,potato,2026-07-01T18:00:00,30.5,room,63,22,283,8.6,132,3.5,55,28.8,65.0,rotten,synthetic_v0,simulated; ranges are estimates
764,2026-07-02_AM,POTATO_03,potato,2026-07-02T06:00:00,31.0,room,75,20,143,3.9,108,4.2,176,27.5,49.3,rotten,synthetic_v0,simulated; ranges are estimates
765,2026-07-02_PM,POTATO_03,potato,2026-07-02T18:00:00,31.5,room,72,19,257,6.2,154,3.3,162,28.7,70.8,rotten,synthetic_v0,simulated; ranges are estimates
766,2026-07-03_AM,POTATO_03,potato,2026-07-03T06:00:00,32.0,room,74,22,329,5.6,55,2.9,113,26.4,45.0,rotten,synthetic_v0,simulated; ranges are estimates
767,2026-07-03_PM,POTATO_03,potato,2026-07-03T18:00:00,32.5,room,66,19,228,8.2,111,3.8,139,29.0,61.6,rotten,synthetic_v0,simulated; ranges are estimates
768,2026-06-01_AM,POTATO_04,potato,2026-06-01T06:00:00,0.0,room,67,26,70,7.8,28,2.9,623,28.0,61.5,fresh,synthetic_v0,simulated; ranges are estimates
769,2026-06-01_PM,POTATO_04,potato,2026-06-01T18:00:00,0.5,room,76,21,98,4.8,24,1.5,501,28.4,66.5,fresh,synthetic_v0,simulated; ranges are estimates
770,2026-06-02_AM,POTATO_04,potato,2026-06-02T06:00:00,1.0,room,68,24,80,5.5,25,2.9,529,27.6,49.9,fresh,synthetic_v0,simulated; ranges are estimates
771,2026-06-02_PM,POTATO_04,potato,2026-06-02T18:00:00,1.5,room,72,25,85,7.0,31,3.5,523,27.8,68.4,fresh,synthetic_v0,simulated; ranges are estimates
772,2026-06-03_AM,POTATO_04,potato,2026-06-03T06:00:00,2.0,room,70,30,85,2.0,33,5.6,546,28.2,54.0,fresh,synthetic_v0,simulated; ranges are estimates
773,2026-06-03_PM,POTATO_04,potato,2026-06-03T18:00:00,2.5,room,78,24,91,8.2,27,4.3,589,29.9,69.1,fresh,synthetic_v0,simulated; ranges are estimates
774,2026-06-04_AM,POTATO_04,potato,2026-06-04T06:00:00,3.0,room,75,20,78,5.3,22,4.5,518,30.2,55.4,fresh,synthetic_v0,simulated; ranges are estimates
775,2026-06-04_PM,POTATO_04,potato,2026-06-04T18:00:00,3.5,room,72,27,83,6.2,33,4.7,555,27.4,66.7,fresh,synthetic_v0,simulated; ranges are estimates
776,2026-06-05_AM,POTATO_04,potato,2026-06-05T06:00:00,4.0,room,76,30,85,4.7,32,5.8,563,29.0,51.8,fresh,synthetic_v0,simulated; ranges are estimates
777,2026-06-05_PM,POTATO_04,potato,2026-06-05T18:00:00,4.5,room,76,21,91,2.0,25,3.4,600,28.5,63.7,fresh,synthetic_v0,simulated; ranges are estimates
778,2026-06-06_AM,POTATO_04,potato,2026-06-06T06:00:00,5.0,room,81,28,88,3.5,28,1.5,584,26.4,72.1,fresh,synthetic_v0,simulated; ranges are estimates
779,2026-06-06_PM,POTATO_04,potato,2026-06-06T18:00:00,5.5,room,76,29,79,4.9,34,3.9,487,28.3,54.2,fresh,synthetic_v0,simulated; ranges are estimates
780,2026-06-07_AM,POTATO_04,potato,2026-06-07T06:00:00,6.0,room,70,26,75,3.6,27,4.5,643,28.2,67.7,fresh,synthetic_v0,simulated; ranges are estimates
781,2026-06-07_PM,POTATO_04,potato,2026-06-07T18:00:00,6.5,room,77,31,90,6.8,34,4.6,464,28.7,55.8,fresh,synthetic_v0,simulated; ranges are estimates
782,2026-06-08_AM,POTATO_04,potato,2026-06-08T06:00:00,7.0,room,84,28,94,5.4,30,3.0,680,25.8,72.4,fresh,synthetic_v0,simulated; ranges are estimates
783,2026-06-08_PM,POTATO_04,potato,2026-06-08T18:00:00,7.5,room,80,31,95,4.1,37,3.4,585,27.4,55.3,fresh,synthetic_v0,simulated; ranges are estimates
784,2026-06-09_AM,POTATO_04,potato,2026-06-09T06:00:00,8.0,room,72,34,82,6.9,36,4.4,632,29.0,61.1,fresh,synthetic_v0,simulated; ranges are estimates
785,2026-06-09_PM,POTATO_04,potato,2026-06-09T18:00:00,8.5,room,81,32,91,6.8,38,4.6,571,27.1,53.5,fresh,synthetic_v0,simulated; ranges are estimates
786,2026-06-10_AM,POTATO_04,potato,2026-06-10T06:00:00,9.0,room,76,28,79,8.5,29,4.8,608,24.1,65.1,fresh,synthetic_v0,simulated; ranges are estimates
787,2026-06-10_PM,POTATO_04,potato,2026-06-10T18:00:00,9.5,room,76,31,86,8.7,36,4.0,593,29.6,67.5,fresh,synthetic_v0,simulated; ranges are estimates
788,2026-06-11_AM,POTATO_04,potato,2026-06-11T06:00:00,10.0,room,80,25,93,4.1,26,2.2,630,31.0,52.3,fresh,synthetic_v0,simulated; ranges are estimates
789,2026-06-11_PM,POTATO_04,potato,2026-06-11T18:00:00,10.5,room,82,30,93,3.8,33,3.4,594,29.4,62.0,fresh,synthetic_v0,simulated; ranges are estimates
790,2026-06-12_AM,POTATO_04,potato,2026-06-12T06:00:00,11.0,room,71,33,79,5.7,34,2.3,632,30.8,59.9,fresh,synthetic_v0,simulated; ranges are estimates
791,2026-06-12_PM,POTATO_04,potato,2026-06-12T18:00:00,11.5,room,76,29,86,8.7,33,5.2,561,27.6,71.0,fresh,synthetic_v0,simulated; ranges are estimates
792,2026-06-13_AM,POTATO_04,potato,2026-06-13T06:00:00,12.0,room,78,29,86,6.0,31,4.5,553,25.5,58.5,fresh,synthetic_v0,simulated; ranges are estimates
793,2026-06-13_PM,POTATO_04,potato,2026-06-13T18:00:00,12.5,room,74,33,82,5.9,35,6.7,642,29.0,56.7,fresh,synthetic_v0,simulated; ranges are estimates
794,2026-06-14_AM,POTATO_04,potato,2026-06-14T06:00:00,13.0,room,75,29,87,6.9,29,5.8,554,24.7,71.0,fresh,synthetic_v0,simulated; ranges are estimates
795,2026-06-14_PM,POTATO_04,potato,2026-06-14T18:00:00,13.5,room,74,24,76,7.3,26,3.2,591,26.3,56.7,fresh,synthetic_v0,simulated; ranges are estimates
796,2026-06-15_AM,POTATO_04,potato,2026-06-15T06:00:00,14.0,room,73,30,78,4.3,33,3.2,564,29.6,58.9,fresh,synthetic_v0,simulated; ranges are estimates
797,2026-06-15_PM,POTATO_04,potato,2026-06-15T18:00:00,14.5,room,70,32,84,4.8,40,4.0,646,26.1,58.4,fresh,synthetic_v0,simulated; ranges are estimates
798,2026-06-16_AM,POTATO_04,potato,2026-06-16T06:00:00,15.0,room,69,28,74,5.8,29,1.5,621,26.9,47.8,fresh,synthetic_v0,simulated; ranges are estimates
799,2026-06-16_PM,POTATO_04,potato,2026-06-16T18:00:00,15.5,room,72,31,80,3.7,36,5.1,571,29.2,67.6,fresh,synthetic_v0,simulated; ranges are estimates
800,2026-06-17_AM,POTATO_04,potato,2026-06-17T06:00:00,16.0,room,67,32,73,5.6,35,1.5,569,27.5,60.7,fresh,synthetic_v0,simulated; ranges are estimates
801,2026-06-17_PM,POTATO_04,potato,2026-06-17T18:00:00,16.5,room,68,34,76,8.1,37,6.2,567,26.9,54.2,fresh,synthetic_v0,simulated; ranges are estimates
802,2026-06-18_AM,POTATO_04,potato,2026-06-18T06:00:00,17.0,room,63,32,76,3.4,34,4.3,525,28.8,43.5,fresh,synthetic_v0,simulated; ranges are estimates
803,2026-06-18_PM,POTATO_04,potato,2026-06-18T18:00:00,17.5,room,67,33,84,5.4,38,3.8,541,26.6,52.2,fresh,synthetic_v0,simulated; ranges are estimates
804,2026-06-19_AM,POTATO_04,potato,2026-06-19T06:00:00,18.0,room,72,25,85,7.1,26,3.1,593,28.9,43.6,fresh,synthetic_v0,simulated; ranges are estimates
805,2026-06-19_PM,POTATO_04,potato,2026-06-19T18:00:00,18.5,room,68,20,83,3.7,25,3.0,530,28.3,43.7,fresh,synthetic_v0,simulated; ranges are estimates
806,2026-06-20_AM,POTATO_04,potato,2026-06-20T06:00:00,19.0,room,65,28,72,4.9,30,1.5,606,28.2,52.4,fresh,synthetic_v0,simulated; ranges are estimates
807,2026-06-20_PM,POTATO_04,potato,2026-06-20T18:00:00,19.5,room,63,29,75,6.5,35,3.9,523,29.8,55.7,fresh,synthetic_v0,simulated; ranges are estimates
808,2026-06-21_AM,POTATO_04,potato,2026-06-21T06:00:00,20.0,room,63,30,71,3.8,30,3.9,721,28.5,62.1,fresh,synthetic_v0,simulated; ranges are estimates
809,2026-06-21_PM,POTATO_04,potato,2026-06-21T18:00:00,20.5,room,63,26,70,7.2,32,3.5,584,27.5,56.4,fresh,synthetic_v0,simulated; ranges are estimates
810,2026-06-22_AM,POTATO_04,potato,2026-06-22T06:00:00,21.0,room,57,25,63,4.8,28,2.7,535,30.2,53.0,fresh,synthetic_v0,simulated; ranges are estimates
811,2026-06-22_PM,POTATO_04,potato,2026-06-22T18:00:00,21.5,room,65,29,71,3.5,32,4.6,637,28.2,63.0,fresh,synthetic_v0,simulated; ranges are estimates
812,2026-06-23_AM,POTATO_04,potato,2026-06-23T06:00:00,22.0,room,64,22,69,2.0,24,5.0,563,26.4,63.7,fresh,synthetic_v0,simulated; ranges are estimates
813,2026-06-23_PM,POTATO_04,potato,2026-06-23T18:00:00,22.5,room,68,25,81,6.0,32,5.0,542,27.7,69.2,fresh,synthetic_v0,simulated; ranges are estimates
814,2026-06-24_AM,POTATO_04,potato,2026-06-24T06:00:00,23.0,room,60,30,77,8.4,32,2.2,622,26.0,70.1,fresh,synthetic_v0,simulated; ranges are estimates
815,2026-06-24_PM,POTATO_04,potato,2026-06-24T18:00:00,23.5,room,63,24,65,7.8,28,5.5,557,28.9,63.2,fresh,synthetic_v0,simulated; ranges are estimates
816,2026-06-25_AM,POTATO_04,potato,2026-06-25T06:00:00,24.0,room,56,25,86,2.6,33,3.4,570,26.9,61.4,ripe,synthetic_v0,simulated; ranges are estimates
817,2026-06-25_PM,POTATO_04,potato,2026-06-25T18:00:00,24.5,room,62,23,82,5.3,29,2.2,430,27.9,58.7,ripe,synthetic_v0,simulated; ranges are estimates
818,2026-06-26_AM,POTATO_04,potato,2026-06-26T06:00:00,25.0,room,59,26,84,6.0,33,3.2,467,28.0,65.7,ripe,synthetic_v0,simulated; ranges are estimates
819,2026-06-26_PM,POTATO_04,potato,2026-06-26T18:00:00,25.5,room,61,24,94,6.1,30,6.3,514,26.3,48.2,ripe,synthetic_v0,simulated; ranges are estimates
820,2026-06-27_AM,POTATO_04,potato,2026-06-27T06:00:00,26.0,room,60,18,74,5.0,25,3.4,475,27.1,73.2,ripe,synthetic_v0,simulated; ranges are estimates
821,2026-06-27_PM,POTATO_04,potato,2026-06-27T18:00:00,26.5,room,60,18,87,7.7,32,5.6,452,27.2,54.1,ripe,synthetic_v0,simulated; ranges are estimates
822,2026-06-28_AM,POTATO_04,potato,2026-06-28T06:00:00,27.0,room,67,23,80,7.2,26,3.6,363,27.8,46.5,ripe,synthetic_v0,simulated; ranges are estimates
823,2026-06-28_PM,POTATO_04,potato,2026-06-28T18:00:00,27.5,room,59,20,88,6.0,29,5.7,577,26.8,46.6,ripe,synthetic_v0,simulated; ranges are estimates
824,2026-06-29_AM,POTATO_04,potato,2026-06-29T06:00:00,28.0,room,64,16,89,9.5,19,3.2,389,25.5,67.2,ripe,synthetic_v0,simulated; ranges are estimates
825,2026-06-29_PM,POTATO_04,potato,2026-06-29T18:00:00,28.5,room,62,24,85,7.5,33,3.9,502,28.8,66.0,ripe,synthetic_v0,simulated; ranges are estimates
826,2026-06-30_AM,POTATO_04,potato,2026-06-30T06:00:00,29.0,room,67,20,80,5.2,27,5.9,478,25.9,73.2,ripe,synthetic_v0,simulated; ranges are estimates
827,2026-06-30_PM,POTATO_04,potato,2026-06-30T18:00:00,29.5,room,66,22,80,7.4,29,3.7,491,24.7,47.7,ripe,synthetic_v0,simulated; ranges are estimates
828,2026-07-01_AM,POTATO_04,potato,2026-07-01T06:00:00,30.0,room,76,17,113,7.3,20,2.8,468,30.4,60.6,ripe,synthetic_v0,simulated; ranges are estimates
829,2026-07-01_PM,POTATO_04,potato,2026-07-01T18:00:00,30.5,room,70,20,111,4.8,28,5.1,553,28.7,51.5,ripe,synthetic_v0,simulated; ranges are estimates
830,2026-07-02_AM,POTATO_04,potato,2026-07-02T06:00:00,31.0,room,70,20,123,5.9,49,3.9,334,27.9,57.1,overripe,synthetic_v0,simulated; ranges are estimates
831,2026-07-02_PM,POTATO_04,potato,2026-07-02T18:00:00,31.5,room,70,18,119,10.1,43,2.0,302,28.6,62.0,overripe,synthetic_v0,simulated; ranges are estimates
832,2026-07-03_AM,POTATO_04,potato,2026-07-03T06:00:00,32.0,room,72,24,159,2.3,44,4.1,337,26.8,58.5,overripe,synthetic_v0,simulated; ranges are estimates
833,2026-07-03_PM,POTATO_04,potato,2026-07-03T18:00:00,32.5,room,64,21,135,8.3,35,4.9,285,29.7,72.5,overripe,synthetic_v0,simulated; ranges are estimates
834,2026-07-04_AM,POTATO_04,potato,2026-07-04T06:00:00,33.0,room,69,24,112,4.1,57,4.9,303,29.4,67.3,overripe,synthetic_v0,simulated; ranges are estimates
835,2026-07-04_PM,POTATO_04,potato,2026-07-04T18:00:00,33.5,room,73,20,148,7.7,54,1.6,337,27.8,48.9,overripe,synthetic_v0,simulated; ranges are estimates
836,2026-07-05_AM,POTATO_04,potato,2026-07-05T06:00:00,34.0,room,75,25,134,2.0,51,3.2,364,28.5,36.8,overripe,synthetic_v0,simulated; ranges are estimates
837,2026-07-05_PM,POTATO_04,potato,2026-07-05T18:00:00,34.5,room,70,23,147,7.1,61,3.5,338,28.2,54.9,overripe,synthetic_v0,simulated; ranges are estimates
838,2026-07-06_AM,POTATO_04,potato,2026-07-06T06:00:00,35.0,room,80,25,380,8.6,93,4.8,91,28.5,54.9,rotten,synthetic_v0,simulated; ranges are estimates
839,2026-07-06_PM,POTATO_04,potato,2026-07-06T18:00:00,35.5,room,77,17,380,3.2,165,4.3,174,31.2,53.1,rotten,synthetic_v0,simulated; ranges are estimates
840,2026-07-07_AM,POTATO_04,potato,2026-07-07T06:00:00,36.0,room,76,25,325,4.0,201,5.8,102,26.2,58.4,rotten,synthetic_v0,simulated; ranges are estimates
841,2026-07-07_PM,POTATO_04,potato,2026-07-07T18:00:00,36.5,room,76,24,318,14.1,95,5.0,199,28.1,49.6,rotten,synthetic_v0,simulated; ranges are estimates
842,2026-07-08_AM,POTATO_04,potato,2026-07-08T06:00:00,37.0,room,75,20,247,8.5,103,3.8,227,26.2,70.7,rotten,synthetic_v0,simulated; ranges are estimates
843,2026-07-08_PM,POTATO_04,potato,2026-07-08T18:00:00,37.5,room,77,16,357,5.8,16,5.1,98,27.2,53.3,rotten,synthetic_v0,simulated; ranges are estimates
844,2026-07-09_AM,POTATO_04,potato,2026-07-09T06:00:00,38.0,room,81,20,325,7.5,61,4.4,72,29.4,55.7,rotten,synthetic_v0,simulated; ranges are estimates
845,2026-07-09_PM,POTATO_04,potato,2026-07-09T18:00:00,38.5,room,75,25,367,4.6,159,2.8,181,27.7,49.6,rotten,synthetic_v0,simulated; ranges are estimates
846,2026-07-10_AM,POTATO_04,potato,2026-07-10T06:00:00,39.0,room,74,24,325,6.9,68,6.3,172,28.9,68.5,rotten,synthetic_v0,simulated; ranges are estimates
847,2026-07-10_PM,POTATO_04,potato,2026-07-10T18:00:00,39.5,room,80,25,281,6.9,108,5.0,127,28.6,58.6,rotten,synthetic_v0,simulated; ranges are estimates
848,2026-06-01_AM,POTATO_05,potato,2026-06-01T06:00:00,0.0,room,69,20,79,9.2,21,2.3,634,29.1,77.5,fresh,synthetic_v0,simulated; ranges are estimates
849,2026-06-01_PM,POTATO_05,potato,2026-06-01T18:00:00,0.5,room,74,25,79,4.6,28,3.5,628,27.8,63.9,fresh,synthetic_v0,simulated; ranges are estimates
850,2026-06-02_AM,POTATO_05,potato,2026-06-02T06:00:00,1.0,room,67,24,75,6.5,25,1.6,768,28.6,64.4,fresh,synthetic_v0,simulated; ranges are estimates
851,2026-06-02_PM,POTATO_05,potato,2026-06-02T18:00:00,1.5,room,71,22,80,7.2,29,6.6,677,28.8,55.5,fresh,synthetic_v0,simulated; ranges are estimates
852,2026-06-03_AM,POTATO_05,potato,2026-06-03T06:00:00,2.0,room,78,25,87,6.1,25,4.6,608,25.4,64.0,fresh,synthetic_v0,simulated; ranges are estimates
853,2026-06-03_PM,POTATO_05,potato,2026-06-03T18:00:00,2.5,room,70,30,76,8.5,35,4.0,615,27.8,64.7,fresh,synthetic_v0,simulated; ranges are estimates
854,2026-06-04_AM,POTATO_05,potato,2026-06-04T06:00:00,3.0,room,70,23,81,7.7,24,4.8,605,26.1,55.0,fresh,synthetic_v0,simulated; ranges are estimates
855,2026-06-04_PM,POTATO_05,potato,2026-06-04T18:00:00,3.5,room,71,32,82,4.7,39,4.2,591,28.7,59.2,fresh,synthetic_v0,simulated; ranges are estimates
856,2026-06-05_AM,POTATO_05,potato,2026-06-05T06:00:00,4.0,room,77,28,85,6.5,29,4.6,642,28.3,50.6,fresh,synthetic_v0,simulated; ranges are estimates
857,2026-06-05_PM,POTATO_05,potato,2026-06-05T18:00:00,4.5,room,72,29,86,3.7,35,6.0,678,28.3,54.6,fresh,synthetic_v0,simulated; ranges are estimates
858,2026-06-06_AM,POTATO_05,potato,2026-06-06T06:00:00,5.0,room,76,27,91,7.1,28,2.9,674,28.3,62.2,fresh,synthetic_v0,simulated; ranges are estimates
859,2026-06-06_PM,POTATO_05,potato,2026-06-06T18:00:00,5.5,room,71,29,83,8.7,34,2.2,680,27.5,65.3,fresh,synthetic_v0,simulated; ranges are estimates
860,2026-06-07_AM,POTATO_05,potato,2026-06-07T06:00:00,6.0,room,79,30,101,5.4,33,2.5,729,27.5,65.7,fresh,synthetic_v0,simulated; ranges are estimates
861,2026-06-07_PM,POTATO_05,potato,2026-06-07T18:00:00,6.5,room,79,30,89,7.7,34,2.5,706,29.1,54.8,fresh,synthetic_v0,simulated; ranges are estimates
862,2026-06-08_AM,POTATO_05,potato,2026-06-08T06:00:00,7.0,room,80,29,96,7.2,30,2.7,676,27.9,57.9,fresh,synthetic_v0,simulated; ranges are estimates
863,2026-06-08_PM,POTATO_05,potato,2026-06-08T18:00:00,7.5,room,76,28,86,3.2,34,4.8,683,25.9,65.0,fresh,synthetic_v0,simulated; ranges are estimates
864,2026-06-09_AM,POTATO_05,potato,2026-06-09T06:00:00,8.0,room,76,30,79,4.4,32,3.1,717,28.7,63.8,fresh,synthetic_v0,simulated; ranges are estimates
865,2026-06-09_PM,POTATO_05,potato,2026-06-09T18:00:00,8.5,room,68,36,84,7.3,41,3.2,563,28.8,58.2,fresh,synthetic_v0,simulated; ranges are estimates
866,2026-06-10_AM,POTATO_05,potato,2026-06-10T06:00:00,9.0,room,79,27,92,10.5,28,6.4,790,29.9,59.3,fresh,synthetic_v0,simulated; ranges are estimates
867,2026-06-10_PM,POTATO_05,potato,2026-06-10T18:00:00,9.5,room,82,30,100,3.5,34,3.1,664,25.3,67.6,fresh,synthetic_v0,simulated; ranges are estimates
868,2026-06-11_AM,POTATO_05,potato,2026-06-11T06:00:00,10.0,room,71,31,76,5.3,31,5.3,679,26.1,53.9,fresh,synthetic_v0,simulated; ranges are estimates
869,2026-06-11_PM,POTATO_05,potato,2026-06-11T18:00:00,10.5,room,68,23,91,5.4,30,5.3,620,27.2,61.9,fresh,synthetic_v0,simulated; ranges are estimates
870,2026-06-12_AM,POTATO_05,potato,2026-06-12T06:00:00,11.0,room,76,28,83,6.9,30,3.3,612,28.2,71.1,fresh,synthetic_v0,simulated; ranges are estimates
871,2026-06-12_PM,POTATO_05,potato,2026-06-12T18:00:00,11.5,room,76,33,84,2.1,36,3.9,773,30.2,53.7,fresh,synthetic_v0,simulated; ranges are estimates
872,2026-06-13_AM,POTATO_05,potato,2026-06-13T06:00:00,12.0,room,75,31,85,8.7,34,3.5,691,26.9,58.2,fresh,synthetic_v0,simulated; ranges are estimates
873,2026-06-13_PM,POTATO_05,potato,2026-06-13T18:00:00,12.5,room,71,31,79,7.5,36,3.3,602,29.7,56.9,fresh,synthetic_v0,simulated; ranges are estimates
874,2026-06-14_AM,POTATO_05,potato,2026-06-14T06:00:00,13.0,room,77,30,89,8.0,32,3.9,574,29.2,65.5,fresh,synthetic_v0,simulated; ranges are estimates
875,2026-06-14_PM,POTATO_05,potato,2026-06-14T18:00:00,13.5,room,71,27,82,8.0,33,4.6,656,28.4,57.0,fresh,synthetic_v0,simulated; ranges are estimates
876,2026-06-15_AM,POTATO_05,potato,2026-06-15T06:00:00,14.0,room,74,33,82,6.2,35,6.6,668,29.8,60.6,fresh,synthetic_v0,simulated; ranges are estimates
877,2026-06-15_PM,POTATO_05,potato,2026-06-15T18:00:00,14.5,room,74,27,87,3.8,33,5.5,707,27.9,52.1,fresh,synthetic_v0,simulated; ranges are estimates
878,2026-06-16_AM,POTATO_05,potato,2026-06-16T06:00:00,15.0,room,76,34,87,8.8,36,5.1,708,26.0,76.1,fresh,synthetic_v0,simulated; ranges are estimates
879,2026-06-16_PM,POTATO_05,potato,2026-06-16T18:00:00,15.5,room,75,28,89,7.5,31,3.2,684,26.3,63.1,fresh,synthetic_v0,simulated; ranges are estimates
880,2026-06-17_AM,POTATO_05,potato,2026-06-17T06:00:00,16.0,room,67,29,70,7.2,31,2.8,706,26.2,60.1,fresh,synthetic_v0,simulated; ranges are estimates
881,2026-06-17_PM,POTATO_05,potato,2026-06-17T18:00:00,16.5,room,72,30,85,2.7,36,4.3,677,31.1,49.7,fresh,synthetic_v0,simulated; ranges are estimates
882,2026-06-18_AM,POTATO_05,potato,2026-06-18T06:00:00,17.0,room,68,28,78,6.2,30,5.9,729,27.8,57.2,fresh,synthetic_v0,simulated; ranges are estimates
883,2026-06-18_PM,POTATO_05,potato,2026-06-18T18:00:00,17.5,room,65,23,87,5.2,28,3.6,704,29.5,76.1,fresh,synthetic_v0,simulated; ranges are estimates
884,2026-06-19_AM,POTATO_05,potato,2026-06-19T06:00:00,18.0,room,72,30,82,3.1,32,2.3,624,28.1,57.7,fresh,synthetic_v0,simulated; ranges are estimates
885,2026-06-19_PM,POTATO_05,potato,2026-06-19T18:00:00,18.5,room,61,28,67,4.8,32,5.4,648,25.1,44.1,fresh,synthetic_v0,simulated; ranges are estimates
886,2026-06-20_AM,POTATO_05,potato,2026-06-20T06:00:00,19.0,room,65,27,96,6.0,31,3.3,487,30.3,57.4,ripe,synthetic_v0,simulated; ranges are estimates
887,2026-06-20_PM,POTATO_05,potato,2026-06-20T18:00:00,19.5,room,65,34,100,6.6,45,4.3,569,28.2,55.4,ripe,synthetic_v0,simulated; ranges are estimates
888,2026-06-21_AM,POTATO_05,potato,2026-06-21T06:00:00,20.0,room,65,32,104,4.3,39,3.6,575,29.4,71.9,ripe,synthetic_v0,simulated; ranges are estimates
889,2026-06-21_PM,POTATO_05,potato,2026-06-21T18:00:00,20.5,room,61,25,94,6.5,41,3.5,543,29.4,70.9,ripe,synthetic_v0,simulated; ranges are estimates
890,2026-06-22_AM,POTATO_05,potato,2026-06-22T06:00:00,21.0,room,59,25,95,8.0,30,5.7,508,27.3,61.7,ripe,synthetic_v0,simulated; ranges are estimates
891,2026-06-22_PM,POTATO_05,potato,2026-06-22T18:00:00,21.5,room,58,23,89,3.9,29,4.7,497,25.0,51.9,ripe,synthetic_v0,simulated; ranges are estimates
892,2026-06-23_AM,POTATO_05,potato,2026-06-23T06:00:00,22.0,room,55,26,66,9.3,32,1.5,615,28.4,52.1,ripe,synthetic_v0,simulated; ranges are estimates
893,2026-06-23_PM,POTATO_05,potato,2026-06-23T18:00:00,22.5,room,58,25,95,2.0,32,2.9,568,26.8,60.6,ripe,synthetic_v0,simulated; ranges are estimates
894,2026-06-24_AM,POTATO_05,potato,2026-06-24T06:00:00,23.0,room,61,24,87,6.3,29,3.6,560,28.6,66.6,ripe,synthetic_v0,simulated; ranges are estimates
895,2026-06-24_PM,POTATO_05,potato,2026-06-24T18:00:00,23.5,room,60,24,81,5.3,39,2.6,466,31.3,56.0,ripe,synthetic_v0,simulated; ranges are estimates
896,2026-06-25_AM,POTATO_05,potato,2026-06-25T06:00:00,24.0,room,60,22,88,2.0,27,4.1,526,28.0,68.3,ripe,synthetic_v0,simulated; ranges are estimates
897,2026-06-25_PM,POTATO_05,potato,2026-06-25T18:00:00,24.5,room,67,23,88,3.6,34,3.7,504,30.1,61.4,ripe,synthetic_v0,simulated; ranges are estimates
898,2026-06-26_AM,POTATO_05,potato,2026-06-26T06:00:00,25.0,room,68,21,160,6.4,41,5.0,379,28.4,54.1,overripe,synthetic_v0,simulated; ranges are estimates
899,2026-06-26_PM,POTATO_05,potato,2026-06-26T18:00:00,25.5,room,66,28,108,5.7,63,4.8,348,27.3,57.8,overripe,synthetic_v0,simulated; ranges are estimates
900,2026-06-27_AM,POTATO_05,potato,2026-06-27T06:00:00,26.0,room,63,27,136,6.3,41,2.3,300,25.7,65.1,overripe,synthetic_v0,simulated; ranges are estimates
901,2026-06-27_PM,POTATO_05,potato,2026-06-27T18:00:00,26.5,room,66,21,145,2.0,58,3.6,400,28.8,56.7,overripe,synthetic_v0,simulated; ranges are estimates
902,2026-06-28_AM,POTATO_05,potato,2026-06-28T06:00:00,27.0,room,64,24,138,5.8,68,3.7,429,23.7,57.4,overripe,synthetic_v0,simulated; ranges are estimates
903,2026-06-28_PM,POTATO_05,potato,2026-06-28T18:00:00,27.5,room,58,22,147,10.6,68,4.3,365,26.0,55.5,overripe,synthetic_v0,simulated; ranges are estimates
904,2026-06-29_AM,POTATO_05,potato,2026-06-29T06:00:00,28.0,room,63,23,119,5.1,47,5.2,357,29.0,69.3,overripe,synthetic_v0,simulated; ranges are estimates
905,2026-06-29_PM,POTATO_05,potato,2026-06-29T18:00:00,28.5,room,64,25,113,8.4,41,3.1,367,27.3,58.3,overripe,synthetic_v0,simulated; ranges are estimates
906,2026-06-30_AM,POTATO_05,potato,2026-06-30T06:00:00,29.0,room,69,19,258,8.4,55,4.1,124,26.9,69.9,rotten,synthetic_v0,simulated; ranges are estimates
907,2026-06-30_PM,POTATO_05,potato,2026-06-30T18:00:00,29.5,room,64,25,300,6.8,59,3.5,282,29.4,65.6,rotten,synthetic_v0,simulated; ranges are estimates
908,2026-07-01_AM,POTATO_05,potato,2026-07-01T06:00:00,30.0,room,73,18,324,6.0,61,4.4,192,27.8,58.0,rotten,synthetic_v0,simulated; ranges are estimates
909,2026-07-01_PM,POTATO_05,potato,2026-07-01T18:00:00,30.5,room,64,23,256,6.0,141,1.7,179,26.0,53.8,rotten,synthetic_v0,simulated; ranges are estimates
910,2026-07-02_AM,POTATO_05,potato,2026-07-02T06:00:00,31.0,room,61,24,316,2.4,114,4.0,34,31.0,54.4,rotten,synthetic_v0,simulated; ranges are estimates
911,2026-07-02_PM,POTATO_05,potato,2026-07-02T18:00:00,31.5,room,73,19,392,8.8,99,4.1,117,29.6,54.5,rotten,synthetic_v0,simulated; ranges are estimates
912,2026-07-03_AM,POTATO_05,potato,2026-07-03T06:00:00,32.0,room,77,21,336,6.0,117,3.3,127,29.4,58.4,rotten,synthetic_v0,simulated; ranges are estimates
913,2026-07-03_PM,POTATO_05,potato,2026-07-03T18:00:00,32.5,room,65,15,339,6.3,60,3.9,172,28.7,61.3,rotten,synthetic_v0,simulated; ranges are estimates
914,2026-07-04_AM,POTATO_05,potato,2026-07-04T06:00:00,33.0,room,62,19,321,3.3,177,3.5,249,25.7,72.2,rotten,synthetic_v0,simulated; ranges are estimates
915,2026-07-04_PM,POTATO_05,potato,2026-07-04T18:00:00,33.5,room,77,21,408,6.9,165,3.5,220,29.2,66.5,rotten,synthetic_v0,simulated; ranges are estimates
916,2026-06-01_AM,POTATO_06,potato,2026-06-01T06:00:00,0.0,room,67,24,78,9.8,27,4.6,554,28.8,74.1,fresh,synthetic_v0,simulated; ranges are estimates
917,2026-06-01_PM,POTATO_06,potato,2026-06-01T18:00:00,0.5,room,68,25,79,6.8,27,3.6,615,27.8,66.1,fresh,synthetic_v0,simulated; ranges are estimates
918,2026-06-02_AM,POTATO_06,potato,2026-06-02T06:00:00,1.0,room,67,26,80,2.7,27,3.8,612,26.3,71.4,fresh,synthetic_v0,simulated; ranges are estimates
919,2026-06-02_PM,POTATO_06,potato,2026-06-02T18:00:00,1.5,room,67,21,78,2.0,24,2.4,604,27.1,66.4,fresh,synthetic_v0,simulated; ranges are estimates
920,2026-06-03_AM,POTATO_06,potato,2026-06-03T06:00:00,2.0,room,78,30,87,8.9,30,5.9,598,28.7,50.5,fresh,synthetic_v0,simulated; ranges are estimates
921,2026-06-03_PM,POTATO_06,potato,2026-06-03T18:00:00,2.5,room,71,32,77,3.6,37,6.3,558,28.7,56.9,fresh,synthetic_v0,simulated; ranges are estimates
922,2026-06-04_AM,POTATO_06,potato,2026-06-04T06:00:00,3.0,room,70,33,80,5.0,37,3.2,622,30.2,71.7,fresh,synthetic_v0,simulated; ranges are estimates
923,2026-06-04_PM,POTATO_06,potato,2026-06-04T18:00:00,3.5,room,67,29,75,5.1,34,2.8,514,27.3,59.4,fresh,synthetic_v0,simulated; ranges are estimates
924,2026-06-05_AM,POTATO_06,potato,2026-06-05T06:00:00,4.0,room,72,32,84,4.9,36,6.6,571,27.1,58.6,fresh,synthetic_v0,simulated; ranges are estimates
925,2026-06-05_PM,POTATO_06,potato,2026-06-05T18:00:00,4.5,room,79,24,95,8.6,31,3.8,622,26.7,76.9,fresh,synthetic_v0,simulated; ranges are estimates
926,2026-06-06_AM,POTATO_06,potato,2026-06-06T06:00:00,5.0,room,71,24,83,8.0,28,1.5,588,27.3,45.0,fresh,synthetic_v0,simulated; ranges are estimates
927,2026-06-06_PM,POTATO_06,potato,2026-06-06T18:00:00,5.5,room,80,24,94,7.1,28,4.8,571,27.7,51.2,fresh,synthetic_v0,simulated; ranges are estimates
928,2026-06-07_AM,POTATO_06,potato,2026-06-07T06:00:00,6.0,room,80,31,94,7.4,33,4.0,523,27.3,57.6,fresh,synthetic_v0,simulated; ranges are estimates
929,2026-06-07_PM,POTATO_06,potato,2026-06-07T18:00:00,6.5,room,75,31,81,8.1,35,1.5,657,30.0,70.8,fresh,synthetic_v0,simulated; ranges are estimates
930,2026-06-08_AM,POTATO_06,potato,2026-06-08T06:00:00,7.0,room,73,22,83,4.3,25,6.6,656,24.7,57.1,fresh,synthetic_v0,simulated; ranges are estimates
931,2026-06-08_PM,POTATO_06,potato,2026-06-08T18:00:00,7.5,room,76,33,95,7.0,38,1.5,621,24.9,68.3,fresh,synthetic_v0,simulated; ranges are estimates
932,2026-06-09_AM,POTATO_06,potato,2026-06-09T06:00:00,8.0,room,77,26,86,2.9,28,6.8,575,29.5,57.3,fresh,synthetic_v0,simulated; ranges are estimates
933,2026-06-09_PM,POTATO_06,potato,2026-06-09T18:00:00,8.5,room,77,31,90,3.7,33,2.3,576,30.5,60.5,fresh,synthetic_v0,simulated; ranges are estimates
934,2026-06-10_AM,POTATO_06,potato,2026-06-10T06:00:00,9.0,room,79,24,85,2.0,26,4.3,588,28.5,70.3,fresh,synthetic_v0,simulated; ranges are estimates
935,2026-06-10_PM,POTATO_06,potato,2026-06-10T18:00:00,9.5,room,75,23,82,5.1,28,6.1,448,28.0,67.2,fresh,synthetic_v0,simulated; ranges are estimates
936,2026-06-11_AM,POTATO_06,potato,2026-06-11T06:00:00,10.0,room,71,25,88,3.8,27,4.2,584,26.3,69.5,fresh,synthetic_v0,simulated; ranges are estimates
937,2026-06-11_PM,POTATO_06,potato,2026-06-11T18:00:00,10.5,room,88,31,89,3.9,34,3.4,654,29.0,71.9,fresh,synthetic_v0,simulated; ranges are estimates
938,2026-06-12_AM,POTATO_06,potato,2026-06-12T06:00:00,11.0,room,76,29,86,6.8,30,4.3,551,31.2,63.5,fresh,synthetic_v0,simulated; ranges are estimates
939,2026-06-12_PM,POTATO_06,potato,2026-06-12T18:00:00,11.5,room,81,27,91,6.1,33,7.6,612,30.1,69.4,fresh,synthetic_v0,simulated; ranges are estimates
940,2026-06-13_AM,POTATO_06,potato,2026-06-13T06:00:00,12.0,room,78,35,81,4.9,39,4.8,531,29.8,50.8,fresh,synthetic_v0,simulated; ranges are estimates
941,2026-06-13_PM,POTATO_06,potato,2026-06-13T18:00:00,12.5,room,73,30,90,4.5,38,2.1,599,27.5,52.5,fresh,synthetic_v0,simulated; ranges are estimates
942,2026-06-14_AM,POTATO_06,potato,2026-06-14T06:00:00,13.0,room,76,31,84,5.8,35,5.0,543,29.3,70.2,fresh,synthetic_v0,simulated; ranges are estimates
943,2026-06-14_PM,POTATO_06,potato,2026-06-14T18:00:00,13.5,room,76,33,92,2.7,38,2.6,652,29.2,38.8,fresh,synthetic_v0,simulated; ranges are estimates
944,2026-06-15_AM,POTATO_06,potato,2026-06-15T06:00:00,14.0,room,75,33,82,5.0,34,3.3,527,27.0,54.1,fresh,synthetic_v0,simulated; ranges are estimates
945,2026-06-15_PM,POTATO_06,potato,2026-06-15T18:00:00,14.5,room,72,29,84,4.8,36,1.5,551,25.6,50.3,fresh,synthetic_v0,simulated; ranges are estimates
946,2026-06-16_AM,POTATO_06,potato,2026-06-16T06:00:00,15.0,room,72,32,73,5.5,34,5.6,513,27.3,59.6,fresh,synthetic_v0,simulated; ranges are estimates
947,2026-06-16_PM,POTATO_06,potato,2026-06-16T18:00:00,15.5,room,77,31,90,7.0,34,1.9,599,28.3,59.1,fresh,synthetic_v0,simulated; ranges are estimates
948,2026-06-17_AM,POTATO_06,potato,2026-06-17T06:00:00,16.0,room,72,31,106,4.3,36,2.0,504,23.2,59.4,ripe,synthetic_v0,simulated; ranges are estimates
949,2026-06-17_PM,POTATO_06,potato,2026-06-17T18:00:00,16.5,room,66,30,90,6.8,38,3.2,418,28.0,64.8,ripe,synthetic_v0,simulated; ranges are estimates
950,2026-06-18_AM,POTATO_06,potato,2026-06-18T06:00:00,17.0,room,72,29,93,4.0,33,3.7,491,27.4,59.2,ripe,synthetic_v0,simulated; ranges are estimates
951,2026-06-18_PM,POTATO_06,potato,2026-06-18T18:00:00,17.5,room,64,23,106,8.2,27,4.9,479,27.4,52.5,ripe,synthetic_v0,simulated; ranges are estimates
952,2026-06-19_AM,POTATO_06,potato,2026-06-19T06:00:00,18.0,room,67,28,97,6.8,34,4.7,416,28.3,60.9,ripe,synthetic_v0,simulated; ranges are estimates
953,2026-06-19_PM,POTATO_06,potato,2026-06-19T18:00:00,18.5,room,73,26,100,5.4,39,6.5,517,28.7,53.0,ripe,synthetic_v0,simulated; ranges are estimates
954,2026-06-20_AM,POTATO_06,potato,2026-06-20T06:00:00,19.0,room,64,30,102,6.4,33,3.2,457,31.5,61.9,ripe,synthetic_v0,simulated; ranges are estimates
955,2026-06-20_PM,POTATO_06,potato,2026-06-20T18:00:00,19.5,room,65,31,107,8.1,34,6.4,443,26.8,52.9,ripe,synthetic_v0,simulated; ranges are estimates
956,2026-06-21_AM,POTATO_06,potato,2026-06-21T06:00:00,20.0,room,66,25,93,2.1,33,2.0,440,28.0,45.1,ripe,synthetic_v0,simulated; ranges are estimates
957,2026-06-21_PM,POTATO_06,potato,2026-06-21T18:00:00,20.5,room,63,22,118,4.1,30,3.5,474,30.7,56.3,ripe,synthetic_v0,simulated; ranges are estimates
958,2026-06-22_AM,POTATO_06,potato,2026-06-22T06:00:00,21.0,room,62,23,102,5.9,23,3.0,444,29.3,69.6,ripe,synthetic_v0,simulated; ranges are estimates
959,2026-06-22_PM,POTATO_06,potato,2026-06-22T18:00:00,21.5,room,57,32,101,5.2,40,3.9,441,28.3,52.6,ripe,synthetic_v0,simulated; ranges are estimates
960,2026-06-23_AM,POTATO_06,potato,2026-06-23T06:00:00,22.0,room,61,23,79,5.2,26,4.6,413,28.2,75.8,ripe,synthetic_v0,simulated; ranges are estimates
961,2026-06-23_PM,POTATO_06,potato,2026-06-23T18:00:00,22.5,room,54,26,94,6.3,37,2.9,456,28.9,45.0,ripe,synthetic_v0,simulated; ranges are estimates
962,2026-06-24_AM,POTATO_06,potato,2026-06-24T06:00:00,23.0,room,65,24,134,8.6,51,8.9,311,29.8,55.5,overripe,synthetic_v0,simulated; ranges are estimates
963,2026-06-24_PM,POTATO_06,potato,2026-06-24T18:00:00,23.5,room,65,26,120,2.8,57,2.9,357,28.9,60.3,overripe,synthetic_v0,simulated; ranges are estimates
964,2026-06-25_AM,POTATO_06,potato,2026-06-25T06:00:00,24.0,room,68,19,192,5.9,31,2.3,221,27.9,59.4,overripe,synthetic_v0,simulated; ranges are estimates
965,2026-06-25_PM,POTATO_06,potato,2026-06-25T18:00:00,24.5,room,61,21,137,4.1,67,1.5,310,27.7,49.8,overripe,synthetic_v0,simulated; ranges are estimates
966,2026-06-26_AM,POTATO_06,potato,2026-06-26T06:00:00,25.0,room,57,24,100,5.9,70,2.4,326,29.1,60.0,overripe,synthetic_v0,simulated; ranges are estimates
967,2026-06-26_PM,POTATO_06,potato,2026-06-26T18:00:00,25.5,room,60,24,107,6.0,41,5.6,335,26.6,64.6,overripe,synthetic_v0,simulated; ranges are estimates
968,2026-06-27_AM,POTATO_06,potato,2026-06-27T06:00:00,26.0,room,62,19,337,6.1,114,3.8,105,27.8,56.7,rotten,synthetic_v0,simulated; ranges are estimates
969,2026-06-27_PM,POTATO_06,potato,2026-06-27T18:00:00,26.5,room,58,23,224,6.4,112,3.2,170,27.1,65.1,rotten,synthetic_v0,simulated; ranges are estimates
970,2026-06-28_AM,POTATO_06,potato,2026-06-28T06:00:00,27.0,room,54,24,152,10.3,60,6.5,110,29.1,62.9,rotten,synthetic_v0,simulated; ranges are estimates
971,2026-06-28_PM,POTATO_06,potato,2026-06-28T18:00:00,27.5,room,56,22,239,7.7,129,1.5,112,28.1,53.0,rotten,synthetic_v0,simulated; ranges are estimates
972,2026-06-29_AM,POTATO_06,potato,2026-06-29T06:00:00,28.0,room,63,22,220,4.7,127,3.3,125,27.8,53.9,rotten,synthetic_v0,simulated; ranges are estimates
973,2026-06-29_PM,POTATO_06,potato,2026-06-29T18:00:00,28.5,room,65,20,436,6.3,139,2.5,117,27.3,57.4,rotten,synthetic_v0,simulated; ranges are estimates
974,2026-06-30_AM,POTATO_06,potato,2026-06-30T06:00:00,29.0,room,61,22,266,11.9,104,3.0,108,24.9,47.2,rotten,synthetic_v0,simulated; ranges are estimates
975,2026-06-30_PM,POTATO_06,potato,2026-06-30T18:00:00,29.5,room,69,25,416,5.5,157,4.3,126,29.3,63.2,rotten,synthetic_v0,simulated; ranges are estimates
976,2026-07-01_AM,POTATO_06,potato,2026-07-01T06:00:00,30.0,room,65,20,464,7.1,129,4.4,177,28.2,67.2,rotten,synthetic_v0,simulated; ranges are estimates
977,2026-07-01_PM,POTATO_06,potato,2026-07-01T18:00:00,30.5,room,71,21,347,11.4,118,1.7,120,29.4,53.1,rotten,synthetic_v0,simulated; ranges are estimates
978,2026-06-01_AM,POTATO_07,potato,2026-06-01T06:00:00,0.0,room,70,22,85,3.3,24,1.5,795,27.7,47.5,fresh,synthetic_v0,simulated; ranges are estimates
979,2026-06-01_PM,POTATO_07,potato,2026-06-01T18:00:00,0.5,room,76,20,90,10.1,24,2.5,659,27.7,58.3,fresh,synthetic_v0,simulated; ranges are estimates
980,2026-06-02_AM,POTATO_07,potato,2026-06-02T06:00:00,1.0,room,74,27,80,7.5,29,2.2,740,31.0,53.9,fresh,synthetic_v0,simulated; ranges are estimates
981,2026-06-02_PM,POTATO_07,potato,2026-06-02T18:00:00,1.5,room,72,22,79,4.0,25,5.0,728,26.8,52.8,fresh,synthetic_v0,simulated; ranges are estimates
982,2026-06-03_AM,POTATO_07,potato,2026-06-03T06:00:00,2.0,room,72,29,83,3.7,31,2.1,664,30.0,64.2,fresh,synthetic_v0,simulated; ranges are estimates
983,2026-06-03_PM,POTATO_07,potato,2026-06-03T18:00:00,2.5,room,70,25,78,10.2,29,5.9,736,30.0,65.4,fresh,synthetic_v0,simulated; ranges are estimates
984,2026-06-04_AM,POTATO_07,potato,2026-06-04T06:00:00,3.0,room,73,29,81,6.5,33,4.2,780,30.6,48.5,fresh,synthetic_v0,simulated; ranges are estimates
985,2026-06-04_PM,POTATO_07,potato,2026-06-04T18:00:00,3.5,room,82,27,90,3.9,28,4.3,795,29.7,54.6,fresh,synthetic_v0,simulated; ranges are estimates
986,2026-06-05_AM,POTATO_07,potato,2026-06-05T06:00:00,4.0,room,75,24,83,5.5,28,3.1,803,27.9,61.0,fresh,synthetic_v0,simulated; ranges are estimates
987,2026-06-05_PM,POTATO_07,potato,2026-06-05T18:00:00,4.5,room,74,29,81,7.5,34,4.0,681,25.3,60.9,fresh,synthetic_v0,simulated; ranges are estimates
988,2026-06-06_AM,POTATO_07,potato,2026-06-06T06:00:00,5.0,room,70,30,79,3.9,34,1.5,821,26.9,50.2,fresh,synthetic_v0,simulated; ranges are estimates
989,2026-06-06_PM,POTATO_07,potato,2026-06-06T18:00:00,5.5,room,84,28,97,8.2,34,4.5,752,26.4,73.0,fresh,synthetic_v0,simulated; ranges are estimates
990,2026-06-07_AM,POTATO_07,potato,2026-06-07T06:00:00,6.0,room,76,27,77,6.2,30,3.4,760,27.1,57.0,fresh,synthetic_v0,simulated; ranges are estimates
991,2026-06-07_PM,POTATO_07,potato,2026-06-07T18:00:00,6.5,room,79,31,97,6.4,35,2.0,722,28.3,47.7,fresh,synthetic_v0,simulated; ranges are estimates
992,2026-06-08_AM,POTATO_07,potato,2026-06-08T06:00:00,7.0,room,74,23,83,7.3,27,7.5,747,28.6,53.9,fresh,synthetic_v0,simulated; ranges are estimates
993,2026-06-08_PM,POTATO_07,potato,2026-06-08T18:00:00,7.5,room,75,29,85,2.7,35,2.8,819,27.3,64.8,fresh,synthetic_v0,simulated; ranges are estimates
994,2026-06-09_AM,POTATO_07,potato,2026-06-09T06:00:00,8.0,room,83,38,90,4.6,39,3.8,791,27.4,39.0,fresh,synthetic_v0,simulated; ranges are estimates
995,2026-06-09_PM,POTATO_07,potato,2026-06-09T18:00:00,8.5,room,78,29,93,2.0,34,2.2,738,29.0,58.0,fresh,synthetic_v0,simulated; ranges are estimates
996,2026-06-10_AM,POTATO_07,potato,2026-06-10T06:00:00,9.0,room,81,24,90,7.3,25,5.0,814,30.3,57.1,fresh,synthetic_v0,simulated; ranges are estimates
997,2026-06-10_PM,POTATO_07,potato,2026-06-10T18:00:00,9.5,room,83,27,99,6.2,29,5.6,790,27.9,60.4,fresh,synthetic_v0,simulated; ranges are estimates
998,2026-06-11_AM,POTATO_07,potato,2026-06-11T06:00:00,10.0,room,79,28,86,5.2,30,3.9,752,30.4,56.5,fresh,synthetic_v0,simulated; ranges are estimates
999,2026-06-11_PM,POTATO_07,potato,2026-06-11T18:00:00,10.5,room,75,25,92,7.9,31,5.1,761,29.7,67.9,fresh,synthetic_v0,simulated; ranges are estimates
1000,2026-06-12_AM,POTATO_07,potato,2026-06-12T06:00:00,11.0,room,83,29,86,9.1,32,5.9,803,30.9,65.0,fresh,synthetic_v0,simulated; ranges are estimates
1001,2026-06-12_PM,POTATO_07,potato,2026-06-12T18:00:00,11.5,room,77,26,88,6.9,31,3.9,758,29.4,38.2,fresh,synthetic_v0,simulated; ranges are estimates
1002,2026-06-13_AM,POTATO_07,potato,2026-06-13T06:00:00,12.0,room,76,34,96,6.3,36,4.0,860,28.8,60.0,fresh,synthetic_v0,simulated; ranges are estimates
1003,2026-06-13_PM,POTATO_07,potato,2026-06-13T18:00:00,12.5,room,72,28,87,4.9,32,4.8,731,29.2,51.0,fresh,synthetic_v0,simulated; ranges are estimates
1004,2026-06-14_AM,POTATO_07,potato,2026-06-14T06:00:00,13.0,room,69,33,72,9.2,35,5.1,856,29.1,78.0,fresh,synthetic_v0,simulated; ranges are estimates
1005,2026-06-14_PM,POTATO_07,potato,2026-06-14T18:00:00,13.5,room,65,28,77,6.3,36,3.6,752,27.2,55.6,fresh,synthetic_v0,simulated; ranges are estimates
1006,2026-06-15_AM,POTATO_07,potato,2026-06-15T06:00:00,14.0,room,74,27,89,3.7,30,1.5,823,28.0,83.2,fresh,synthetic_v0,simulated; ranges are estimates
1007,2026-06-15_PM,POTATO_07,potato,2026-06-15T18:00:00,14.5,room,78,28,95,5.7,32,3.9,840,28.0,69.2,fresh,synthetic_v0,simulated; ranges are estimates
1008,2026-06-16_AM,POTATO_07,potato,2026-06-16T06:00:00,15.0,room,68,24,80,8.4,25,4.9,735,29.6,65.0,fresh,synthetic_v0,simulated; ranges are estimates
1009,2026-06-16_PM,POTATO_07,potato,2026-06-16T18:00:00,15.5,room,81,27,92,9.4,34,3.2,750,30.1,64.7,fresh,synthetic_v0,simulated; ranges are estimates
1010,2026-06-17_AM,POTATO_07,potato,2026-06-17T06:00:00,16.0,room,69,30,81,4.6,33,3.5,741,25.5,66.7,fresh,synthetic_v0,simulated; ranges are estimates
1011,2026-06-17_PM,POTATO_07,potato,2026-06-17T18:00:00,16.5,room,65,28,83,6.9,32,4.1,748,30.0,53.4,fresh,synthetic_v0,simulated; ranges are estimates
1012,2026-06-18_AM,POTATO_07,potato,2026-06-18T06:00:00,17.0,room,60,31,85,8.5,31,2.1,594,31.5,53.3,ripe,synthetic_v0,simulated; ranges are estimates
1013,2026-06-18_PM,POTATO_07,potato,2026-06-18T18:00:00,17.5,room,68,25,100,5.0,29,3.3,763,29.5,74.5,ripe,synthetic_v0,simulated; ranges are estimates
1014,2026-06-19_AM,POTATO_07,potato,2026-06-19T06:00:00,18.0,room,71,24,104,2.7,25,2.8,654,28.0,63.6,ripe,synthetic_v0,simulated; ranges are estimates
1015,2026-06-19_PM,POTATO_07,potato,2026-06-19T18:00:00,18.5,room,65,32,106,4.4,38,6.6,699,31.0,64.1,ripe,synthetic_v0,simulated; ranges are estimates
1016,2026-06-20_AM,POTATO_07,potato,2026-06-20T06:00:00,19.0,room,69,18,98,3.6,27,3.6,656,24.2,63.3,ripe,synthetic_v0,simulated; ranges are estimates
1017,2026-06-20_PM,POTATO_07,potato,2026-06-20T18:00:00,19.5,room,58,30,87,6.5,42,2.3,591,28.9,46.9,ripe,synthetic_v0,simulated; ranges are estimates
1018,2026-06-21_AM,POTATO_07,potato,2026-06-21T06:00:00,20.0,room,57,26,85,9.8,33,4.2,567,28.3,61.6,ripe,synthetic_v0,simulated; ranges are estimates
1019,2026-06-21_PM,POTATO_07,potato,2026-06-21T18:00:00,20.5,room,68,28,109,5.8,32,3.7,502,28.9,60.2,ripe,synthetic_v0,simulated; ranges are estimates
1020,2026-06-22_AM,POTATO_07,potato,2026-06-22T06:00:00,21.0,room,65,22,146,2.2,36,4.5,439,25.8,56.9,overripe,synthetic_v0,simulated; ranges are estimates
1021,2026-06-22_PM,POTATO_07,potato,2026-06-22T18:00:00,21.5,room,67,26,136,6.2,40,4.8,308,28.7,64.8,overripe,synthetic_v0,simulated; ranges are estimates
1022,2026-06-23_AM,POTATO_07,potato,2026-06-23T06:00:00,22.0,room,62,24,122,4.3,49,4.1,332,27.8,84.5,overripe,synthetic_v0,simulated; ranges are estimates
1023,2026-06-23_PM,POTATO_07,potato,2026-06-23T18:00:00,22.5,room,57,25,132,5.1,52,3.7,468,27.4,48.8,overripe,synthetic_v0,simulated; ranges are estimates
1024,2026-06-24_AM,POTATO_07,potato,2026-06-24T06:00:00,23.0,room,59,23,142,5.5,60,1.5,400,28.8,54.4,overripe,synthetic_v0,simulated; ranges are estimates
1025,2026-06-24_PM,POTATO_07,potato,2026-06-24T18:00:00,23.5,room,65,28,128,5.4,61,3.2,437,28.8,64.0,overripe,synthetic_v0,simulated; ranges are estimates
1026,2026-06-25_AM,POTATO_07,potato,2026-06-25T06:00:00,24.0,room,61,19,352,6.3,85,1.5,189,28.1,64.1,rotten,synthetic_v0,simulated; ranges are estimates
1027,2026-06-25_PM,POTATO_07,potato,2026-06-25T18:00:00,24.5,room,65,24,423,4.4,145,4.3,100,29.0,56.1,rotten,synthetic_v0,simulated; ranges are estimates
1028,2026-06-26_AM,POTATO_07,potato,2026-06-26T06:00:00,25.0,room,66,18,235,9.0,25,7.1,120,28.4,54.9,rotten,synthetic_v0,simulated; ranges are estimates
1029,2026-06-26_PM,POTATO_07,potato,2026-06-26T18:00:00,25.5,room,61,24,270,4.5,193,4.0,110,28.4,55.0,rotten,synthetic_v0,simulated; ranges are estimates
1030,2026-06-27_AM,POTATO_07,potato,2026-06-27T06:00:00,26.0,room,63,24,477,9.1,120,3.2,173,26.0,62.0,rotten,synthetic_v0,simulated; ranges are estimates
1031,2026-06-27_PM,POTATO_07,potato,2026-06-27T18:00:00,26.5,room,67,23,206,3.5,125,3.6,253,27.4,54.4,rotten,synthetic_v0,simulated; ranges are estimates
1032,2026-06-01_AM,POTATO_08,potato,2026-06-01T06:00:00,0.0,room,63,26,71,10.0,30,2.6,725,28.9,67.0,fresh,synthetic_v0,simulated; ranges are estimates
1033,2026-06-01_PM,POTATO_08,potato,2026-06-01T18:00:00,0.5,room,73,24,88,7.3,30,3.6,546,28.7,61.9,fresh,synthetic_v0,simulated; ranges are estimates
1034,2026-06-02_AM,POTATO_08,potato,2026-06-02T06:00:00,1.0,room,72,26,87,7.1,27,2.8,551,26.0,51.8,fresh,synthetic_v0,simulated; ranges are estimates
1035,2026-06-02_PM,POTATO_08,potato,2026-06-02T18:00:00,1.5,room,73,25,82,5.7,30,5.6,603,29.2,68.2,fresh,synthetic_v0,simulated; ranges are estimates
1036,2026-06-03_AM,POTATO_08,potato,2026-06-03T06:00:00,2.0,room,62,32,76,2.5,36,4.0,586,27.6,65.2,fresh,synthetic_v0,simulated; ranges are estimates
1037,2026-06-03_PM,POTATO_08,potato,2026-06-03T18:00:00,2.5,room,77,26,93,8.1,31,5.9,609,29.6,58.7,fresh,synthetic_v0,simulated; ranges are estimates
1038,2026-06-04_AM,POTATO_08,potato,2026-06-04T06:00:00,3.0,room,66,27,72,6.0,29,2.4,592,26.1,69.8,fresh,synthetic_v0,simulated; ranges are estimates
1039,2026-06-04_PM,POTATO_08,potato,2026-06-04T18:00:00,3.5,room,71,27,90,7.4,34,6.1,642,28.6,45.3,fresh,synthetic_v0,simulated; ranges are estimates
1040,2026-06-05_AM,POTATO_08,potato,2026-06-05T06:00:00,4.0,room,74,30,81,6.2,34,5.7,623,27.7,61.4,fresh,synthetic_v0,simulated; ranges are estimates
1041,2026-06-05_PM,POTATO_08,potato,2026-06-05T18:00:00,4.5,room,79,23,97,2.8,28,1.5,703,29.2,66.9,fresh,synthetic_v0,simulated; ranges are estimates
1042,2026-06-06_AM,POTATO_08,potato,2026-06-06T06:00:00,5.0,room,76,29,90,6.4,31,5.4,590,26.3,58.4,fresh,synthetic_v0,simulated; ranges are estimates
1043,2026-06-06_PM,POTATO_08,potato,2026-06-06T18:00:00,5.5,room,76,30,86,5.4,36,1.6,598,26.9,64.1,fresh,synthetic_v0,simulated; ranges are estimates
1044,2026-06-07_AM,POTATO_08,potato,2026-06-07T06:00:00,6.0,room,79,31,92,2.8,35,2.4,588,26.9,52.2,fresh,synthetic_v0,simulated; ranges are estimates
1045,2026-06-07_PM,POTATO_08,potato,2026-06-07T18:00:00,6.5,room,78,33,95,2.7,41,5.6,608,25.2,54.0,fresh,synthetic_v0,simulated; ranges are estimates
1046,2026-06-08_AM,POTATO_08,potato,2026-06-08T06:00:00,7.0,room,80,29,89,8.0,30,4.0,626,26.8,50.0,fresh,synthetic_v0,simulated; ranges are estimates
1047,2026-06-08_PM,POTATO_08,potato,2026-06-08T18:00:00,7.5,room,75,30,84,4.2,34,5.0,649,26.9,52.1,fresh,synthetic_v0,simulated; ranges are estimates
1048,2026-06-09_AM,POTATO_08,potato,2026-06-09T06:00:00,8.0,room,79,37,93,2.5,39,2.3,645,24.2,73.8,fresh,synthetic_v0,simulated; ranges are estimates
1049,2026-06-09_PM,POTATO_08,potato,2026-06-09T18:00:00,8.5,room,84,31,90,6.3,36,3.2,720,25.4,71.0,fresh,synthetic_v0,simulated; ranges are estimates
1050,2026-06-10_AM,POTATO_08,potato,2026-06-10T06:00:00,9.0,room,78,25,83,6.4,25,3.2,620,29.2,60.6,fresh,synthetic_v0,simulated; ranges are estimates
1051,2026-06-10_PM,POTATO_08,potato,2026-06-10T18:00:00,9.5,room,82,29,95,5.6,36,1.5,573,28.4,44.8,fresh,synthetic_v0,simulated; ranges are estimates
1052,2026-06-11_AM,POTATO_08,potato,2026-06-11T06:00:00,10.0,room,78,26,86,3.8,29,3.8,747,26.9,53.0,fresh,synthetic_v0,simulated; ranges are estimates
1053,2026-06-11_PM,POTATO_08,potato,2026-06-11T18:00:00,10.5,room,74,32,99,5.3,37,2.8,574,29.2,46.9,fresh,synthetic_v0,simulated; ranges are estimates
1054,2026-06-12_AM,POTATO_08,potato,2026-06-12T06:00:00,11.0,room,71,28,85,7.1,32,3.9,699,29.2,50.8,fresh,synthetic_v0,simulated; ranges are estimates
1055,2026-06-12_PM,POTATO_08,potato,2026-06-12T18:00:00,11.5,room,69,31,81,7.9,35,5.2,640,28.3,56.5,fresh,synthetic_v0,simulated; ranges are estimates
1056,2026-06-13_AM,POTATO_08,potato,2026-06-13T06:00:00,12.0,room,76,28,85,6.9,33,2.9,636,29.5,66.1,fresh,synthetic_v0,simulated; ranges are estimates
1057,2026-06-13_PM,POTATO_08,potato,2026-06-13T18:00:00,12.5,room,78,31,99,7.8,37,2.6,621,26.9,59.6,fresh,synthetic_v0,simulated; ranges are estimates
1058,2026-06-14_AM,POTATO_08,potato,2026-06-14T06:00:00,13.0,room,67,32,72,6.1,34,3.5,615,27.9,59.5,fresh,synthetic_v0,simulated; ranges are estimates
1059,2026-06-14_PM,POTATO_08,potato,2026-06-14T18:00:00,13.5,room,72,27,76,6.8,33,1.8,602,27.3,59.2,fresh,synthetic_v0,simulated; ranges are estimates
1060,2026-06-15_AM,POTATO_08,potato,2026-06-15T06:00:00,14.0,room,77,31,81,3.6,32,3.9,673,28.0,56.9,fresh,synthetic_v0,simulated; ranges are estimates
1061,2026-06-15_PM,POTATO_08,potato,2026-06-15T18:00:00,14.5,room,83,28,93,4.8,34,3.9,672,26.7,50.8,fresh,synthetic_v0,simulated; ranges are estimates
1062,2026-06-16_AM,POTATO_08,potato,2026-06-16T06:00:00,15.0,room,75,28,76,5.5,31,6.5,585,27.8,58.7,fresh,synthetic_v0,simulated; ranges are estimates
1063,2026-06-16_PM,POTATO_08,potato,2026-06-16T18:00:00,15.5,room,66,24,81,6.0,30,1.5,601,28.7,61.3,fresh,synthetic_v0,simulated; ranges are estimates
1064,2026-06-17_AM,POTATO_08,potato,2026-06-17T06:00:00,16.0,room,77,29,83,6.9,31,4.0,609,26.1,46.9,fresh,synthetic_v0,simulated; ranges are estimates
1065,2026-06-17_PM,POTATO_08,potato,2026-06-17T18:00:00,16.5,room,71,33,88,4.4,39,4.3,641,29.8,64.2,fresh,synthetic_v0,simulated; ranges are estimates
1066,2026-06-18_AM,POTATO_08,potato,2026-06-18T06:00:00,17.0,room,71,27,80,8.3,29,1.5,624,28.0,59.4,fresh,synthetic_v0,simulated; ranges are estimates
1067,2026-06-18_PM,POTATO_08,potato,2026-06-18T18:00:00,17.5,room,62,30,73,7.1,37,4.6,679,27.8,76.0,fresh,synthetic_v0,simulated; ranges are estimates
1068,2026-06-19_AM,POTATO_08,potato,2026-06-19T06:00:00,18.0,room,70,25,86,3.1,33,4.6,499,27.6,64.2,ripe,synthetic_v0,simulated; ranges are estimates
1069,2026-06-19_PM,POTATO_08,potato,2026-06-19T18:00:00,18.5,room,68,26,98,8.3,34,3.6,476,30.1,74.3,ripe,synthetic_v0,simulated; ranges are estimates
1070,2026-06-20_AM,POTATO_08,potato,2026-06-20T06:00:00,19.0,room,62,18,104,4.8,23,3.4,461,29.9,61.3,ripe,synthetic_v0,simulated; ranges are estimates
1071,2026-06-20_PM,POTATO_08,potato,2026-06-20T18:00:00,19.5,room,70,29,100,8.0,39,3.6,540,28.3,64.7,ripe,synthetic_v0,simulated; ranges are estimates
1072,2026-06-21_AM,POTATO_08,potato,2026-06-21T06:00:00,20.0,room,62,23,85,8.5,28,2.0,532,27.1,57.1,ripe,synthetic_v0,simulated; ranges are estimates
1073,2026-06-21_PM,POTATO_08,potato,2026-06-21T18:00:00,20.5,room,67,25,86,4.7,35,3.6,494,29.7,52.0,ripe,synthetic_v0,simulated; ranges are estimates
1074,2026-06-22_AM,POTATO_08,potato,2026-06-22T06:00:00,21.0,room,60,29,91,5.9,38,3.5,520,29.2,69.3,ripe,synthetic_v0,simulated; ranges are estimates
1075,2026-06-22_PM,POTATO_08,potato,2026-06-22T18:00:00,21.5,room,67,22,99,7.7,30,4.8,493,27.6,66.7,ripe,synthetic_v0,simulated; ranges are estimates
1076,2026-06-23_AM,POTATO_08,potato,2026-06-23T06:00:00,22.0,room,63,23,87,3.2,31,5.3,497,27.3,72.7,ripe,synthetic_v0,simulated; ranges are estimates
1077,2026-06-23_PM,POTATO_08,potato,2026-06-23T18:00:00,22.5,room,57,24,80,6.3,31,2.8,584,25.3,46.2,ripe,synthetic_v0,simulated; ranges are estimates
1078,2026-06-24_AM,POTATO_08,potato,2026-06-24T06:00:00,23.0,room,60,22,138,8.1,25,6.4,340,25.2,53.6,overripe,synthetic_v0,simulated; ranges are estimates
1079,2026-06-24_PM,POTATO_08,potato,2026-06-24T18:00:00,23.5,room,59,25,177,9.2,58,4.0,338,28.6,54.0,overripe,synthetic_v0,simulated; ranges are estimates
1080,2026-06-25_AM,POTATO_08,potato,2026-06-25T06:00:00,24.0,room,57,22,184,4.0,60,5.4,359,26.0,47.5,overripe,synthetic_v0,simulated; ranges are estimates
1081,2026-06-25_PM,POTATO_08,potato,2026-06-25T18:00:00,24.5,room,60,29,138,6.2,57,4.2,259,29.2,67.3,overripe,synthetic_v0,simulated; ranges are estimates
1082,2026-06-26_AM,POTATO_08,potato,2026-06-26T06:00:00,25.0,room,62,25,129,6.9,62,4.6,318,28.1,66.4,overripe,synthetic_v0,simulated; ranges are estimates
1083,2026-06-26_PM,POTATO_08,potato,2026-06-26T18:00:00,25.5,room,56,20,111,8.6,48,4.2,325,29.5,62.4,overripe,synthetic_v0,simulated; ranges are estimates
1084,2026-06-27_AM,POTATO_08,potato,2026-06-27T06:00:00,26.0,room,61,23,158,2.7,68,1.5,338,27.5,41.3,overripe,synthetic_v0,simulated; ranges are estimates
1085,2026-06-27_PM,POTATO_08,potato,2026-06-27T18:00:00,26.5,room,70,24,132,4.0,70,2.9,286,28.2,65.0,overripe,synthetic_v0,simulated; ranges are estimates
1086,2026-06-28_AM,POTATO_08,potato,2026-06-28T06:00:00,27.0,room,69,25,151,2.4,68,3.0,310,26.8,54.9,overripe,synthetic_v0,simulated; ranges are estimates
1087,2026-06-28_PM,POTATO_08,potato,2026-06-28T18:00:00,27.5,room,60,20,181,4.4,34,5.1,277,27.7,54.2,overripe,synthetic_v0,simulated; ranges are estimates
1088,2026-06-29_AM,POTATO_08,potato,2026-06-29T06:00:00,28.0,room,68,24,324,5.5,89,3.6,160,27.2,67.4,rotten,synthetic_v0,simulated; ranges are estimates
1089,2026-06-29_PM,POTATO_08,potato,2026-06-29T18:00:00,28.5,room,66,24,366,6.9,108,7.9,201,28.5,65.6,rotten,synthetic_v0,simulated; ranges are estimates
1090,2026-06-30_AM,POTATO_08,potato,2026-06-30T06:00:00,29.0,room,67,20,304,8.3,137,4.5,173,27.3,57.4,rotten,synthetic_v0,simulated; ranges are estimates
1091,2026-06-30_PM,POTATO_08,potato,2026-06-30T18:00:00,29.5,room,61,26,401,5.8,144,2.8,162,26.5,73.8,rotten,synthetic_v0,simulated; ranges are estimates
1092,2026-07-01_AM,POTATO_08,potato,2026-07-01T06:00:00,30.0,room,68,24,440,6.1,108,2.3,168,27.7,64.7,rotten,synthetic_v0,simulated; ranges are estimates
1093,2026-07-01_PM,POTATO_08,potato,2026-07-01T18:00:00,30.5,room,66,19,500,5.5,40,3.0,172,27.6,65.3,rotten,synthetic_v0,simulated; ranges are estimates
1094,2026-07-02_AM,POTATO_08,potato,2026-07-02T06:00:00,31.0,room,72,21,420,4.9,183,4.7,189,28.7,53.5,rotten,synthetic_v0,simulated; ranges are estimates
1095,2026-07-02_PM,POTATO_08,potato,2026-07-02T18:00:00,31.5,room,63,14,348,6.3,65,6.0,201,28.6,51.5,rotten,synthetic_v0,simulated; ranges are estimates
1096,2026-06-01_AM,POTATO_09,potato,2026-06-01T06:00:00,0.0,room,70,22,87,2.0,24,4.2,732,30.1,52.9,fresh,synthetic_v0,simulated; ranges are estimates
1097,2026-06-01_PM,POTATO_09,potato,2026-06-01T18:00:00,0.5,room,69,24,84,7.0,27,3.7,634,26.5,68.2,fresh,synthetic_v0,simulated; ranges are estimates
1098,2026-06-02_AM,POTATO_09,potato,2026-06-02T06:00:00,1.0,room,75,23,78,6.6,24,5.2,669,27.5,52.6,fresh,synthetic_v0,simulated; ranges are estimates
1099,2026-06-02_PM,POTATO_09,potato,2026-06-02T18:00:00,1.5,room,75,24,81,4.6,29,5.2,694,24.5,55.5,fresh,synthetic_v0,simulated; ranges are estimates
1100,2026-06-03_AM,POTATO_09,potato,2026-06-03T06:00:00,2.0,room,72,32,77,4.6,34,3.4,697,28.2,48.1,fresh,synthetic_v0,simulated; ranges are estimates
1101,2026-06-03_PM,POTATO_09,potato,2026-06-03T18:00:00,2.5,room,71,30,85,7.5,36,3.2,671,30.3,70.5,fresh,synthetic_v0,simulated; ranges are estimates
1102,2026-06-04_AM,POTATO_09,potato,2026-06-04T06:00:00,3.0,room,77,25,82,2.5,26,4.7,643,29.9,64.6,fresh,synthetic_v0,simulated; ranges are estimates
1103,2026-06-04_PM,POTATO_09,potato,2026-06-04T18:00:00,3.5,room,72,25,85,8.2,31,2.3,672,28.3,57.1,fresh,synthetic_v0,simulated; ranges are estimates
1104,2026-06-05_AM,POTATO_09,potato,2026-06-05T06:00:00,4.0,room,75,30,91,5.8,34,3.6,663,25.4,70.7,fresh,synthetic_v0,simulated; ranges are estimates
1105,2026-06-05_PM,POTATO_09,potato,2026-06-05T18:00:00,4.5,room,74,29,82,6.6,34,3.1,723,27.8,68.7,fresh,synthetic_v0,simulated; ranges are estimates
1106,2026-06-06_AM,POTATO_09,potato,2026-06-06T06:00:00,5.0,room,80,24,100,3.6,27,5.6,632,28.7,48.3,fresh,synthetic_v0,simulated; ranges are estimates
1107,2026-06-06_PM,POTATO_09,potato,2026-06-06T18:00:00,5.5,room,76,38,85,7.7,42,6.1,735,28.4,70.0,fresh,synthetic_v0,simulated; ranges are estimates
1108,2026-06-07_AM,POTATO_09,potato,2026-06-07T06:00:00,6.0,room,74,29,86,4.7,33,4.1,657,25.5,41.4,fresh,synthetic_v0,simulated; ranges are estimates
1109,2026-06-07_PM,POTATO_09,potato,2026-06-07T18:00:00,6.5,room,81,28,98,9.9,34,4.8,669,28.5,61.9,fresh,synthetic_v0,simulated; ranges are estimates
1110,2026-06-08_AM,POTATO_09,potato,2026-06-08T06:00:00,7.0,room,73,32,74,4.4,34,3.3,641,30.8,68.8,fresh,synthetic_v0,simulated; ranges are estimates
1111,2026-06-08_PM,POTATO_09,potato,2026-06-08T18:00:00,7.5,room,75,28,91,6.2,31,4.7,535,29.4,59.4,fresh,synthetic_v0,simulated; ranges are estimates
1112,2026-06-09_AM,POTATO_09,potato,2026-06-09T06:00:00,8.0,room,77,36,87,7.4,38,1.8,611,27.3,50.3,fresh,synthetic_v0,simulated; ranges are estimates
1113,2026-06-09_PM,POTATO_09,potato,2026-06-09T18:00:00,8.5,room,76,33,92,8.0,39,4.8,639,28.2,66.0,fresh,synthetic_v0,simulated; ranges are estimates
1114,2026-06-10_AM,POTATO_09,potato,2026-06-10T06:00:00,9.0,room,85,28,91,8.3,29,3.2,693,24.8,54.6,fresh,synthetic_v0,simulated; ranges are estimates
1115,2026-06-10_PM,POTATO_09,potato,2026-06-10T18:00:00,9.5,room,80,30,91,7.2,36,4.2,659,28.8,63.7,fresh,synthetic_v0,simulated; ranges are estimates
1116,2026-06-11_AM,POTATO_09,potato,2026-06-11T06:00:00,10.0,room,74,31,88,4.1,34,2.8,662,27.3,61.5,fresh,synthetic_v0,simulated; ranges are estimates
1117,2026-06-11_PM,POTATO_09,potato,2026-06-11T18:00:00,10.5,room,77,27,78,10.6,27,6.7,633,26.5,61.2,fresh,synthetic_v0,simulated; ranges are estimates
1118,2026-06-12_AM,POTATO_09,potato,2026-06-12T06:00:00,11.0,room,71,26,75,6.5,28,5.0,630,27.5,60.3,fresh,synthetic_v0,simulated; ranges are estimates
1119,2026-06-12_PM,POTATO_09,potato,2026-06-12T18:00:00,11.5,room,72,26,88,5.9,29,2.1,540,30.5,55.4,fresh,synthetic_v0,simulated; ranges are estimates
1120,2026-06-13_AM,POTATO_09,potato,2026-06-13T06:00:00,12.0,room,78,33,84,6.2,35,4.5,670,26.0,64.4,fresh,synthetic_v0,simulated; ranges are estimates
1121,2026-06-13_PM,POTATO_09,potato,2026-06-13T18:00:00,12.5,room,73,31,91,7.4,37,6.2,674,27.9,61.3,fresh,synthetic_v0,simulated; ranges are estimates
1122,2026-06-14_AM,POTATO_09,potato,2026-06-14T06:00:00,13.0,room,78,28,81,3.6,31,4.8,629,30.1,47.0,fresh,synthetic_v0,simulated; ranges are estimates
1123,2026-06-14_PM,POTATO_09,potato,2026-06-14T18:00:00,13.5,room,78,22,101,7.5,27,1.5,645,28.1,60.5,fresh,synthetic_v0,simulated; ranges are estimates
1124,2026-06-15_AM,POTATO_09,potato,2026-06-15T06:00:00,14.0,room,80,26,89,8.3,27,4.0,585,27.2,55.9,fresh,synthetic_v0,simulated; ranges are estimates
1125,2026-06-15_PM,POTATO_09,potato,2026-06-15T18:00:00,14.5,room,70,28,81,6.3,32,4.4,600,27.2,58.8,fresh,synthetic_v0,simulated; ranges are estimates
1126,2026-06-16_AM,POTATO_09,potato,2026-06-16T06:00:00,15.0,room,80,36,85,8.1,37,3.4,584,28.4,76.0,fresh,synthetic_v0,simulated; ranges are estimates
1127,2026-06-16_PM,POTATO_09,potato,2026-06-16T18:00:00,15.5,room,71,31,82,8.7,38,3.1,595,27.3,51.3,fresh,synthetic_v0,simulated; ranges are estimates
1128,2026-06-17_AM,POTATO_09,potato,2026-06-17T06:00:00,16.0,room,66,27,67,7.6,29,4.6,613,26.9,56.3,fresh,synthetic_v0,simulated; ranges are estimates
1129,2026-06-17_PM,POTATO_09,potato,2026-06-17T18:00:00,16.5,room,69,33,78,6.6,36,4.3,561,29.9,68.3,fresh,synthetic_v0,simulated; ranges are estimates
1130,2026-06-18_AM,POTATO_09,potato,2026-06-18T06:00:00,17.0,room,78,28,87,6.2,29,5.0,677,26.3,62.8,fresh,synthetic_v0,simulated; ranges are estimates
1131,2026-06-18_PM,POTATO_09,potato,2026-06-18T18:00:00,17.5,room,69,29,88,7.4,35,1.5,581,29.0,45.0,fresh,synthetic_v0,simulated; ranges are estimates
1132,2026-06-19_AM,POTATO_09,potato,2026-06-19T06:00:00,18.0,room,64,24,74,5.3,27,3.2,541,30.4,63.5,fresh,synthetic_v0,simulated; ranges are estimates
1133,2026-06-19_PM,POTATO_09,potato,2026-06-19T18:00:00,18.5,room,62,26,81,5.5,32,3.2,626,25.4,54.6,fresh,synthetic_v0,simulated; ranges are estimates
1134,2026-06-20_AM,POTATO_09,potato,2026-06-20T06:00:00,19.0,room,71,26,81,6.0,28,5.6,759,27.1,57.9,fresh,synthetic_v0,simulated; ranges are estimates
1135,2026-06-20_PM,POTATO_09,potato,2026-06-20T18:00:00,19.5,room,65,25,83,7.4,29,2.8,640,29.6,60.6,fresh,synthetic_v0,simulated; ranges are estimates
1136,2026-06-21_AM,POTATO_09,potato,2026-06-21T06:00:00,20.0,room,63,20,72,7.1,23,5.7,733,26.2,59.0,fresh,synthetic_v0,simulated; ranges are estimates
1137,2026-06-21_PM,POTATO_09,potato,2026-06-21T18:00:00,20.5,room,69,24,87,4.0,30,6.7,623,28.9,62.7,fresh,synthetic_v0,simulated; ranges are estimates
1138,2026-06-22_AM,POTATO_09,potato,2026-06-22T06:00:00,21.0,room,61,26,73,4.4,28,1.8,679,28.1,46.0,fresh,synthetic_v0,simulated; ranges are estimates
1139,2026-06-22_PM,POTATO_09,potato,2026-06-22T18:00:00,21.5,room,62,24,86,5.5,28,4.5,762,25.9,68.0,fresh,synthetic_v0,simulated; ranges are estimates
1140,2026-06-23_AM,POTATO_09,potato,2026-06-23T06:00:00,22.0,room,63,25,74,5.5,31,5.8,553,29.7,54.9,ripe,synthetic_v0,simulated; ranges are estimates
1141,2026-06-23_PM,POTATO_09,potato,2026-06-23T18:00:00,22.5,room,69,25,105,5.6,35,2.0,386,30.4,72.7,ripe,synthetic_v0,simulated; ranges are estimates
1142,2026-06-24_AM,POTATO_09,potato,2026-06-24T06:00:00,23.0,room,65,24,86,4.6,28,1.5,605,29.5,72.0,ripe,synthetic_v0,simulated; ranges are estimates
1143,2026-06-24_PM,POTATO_09,potato,2026-06-24T18:00:00,23.5,room,69,27,105,7.2,31,3.8,514,27.7,52.3,ripe,synthetic_v0,simulated; ranges are estimates
1144,2026-06-25_AM,POTATO_09,potato,2026-06-25T06:00:00,24.0,room,58,29,109,4.0,35,5.0,526,30.6,47.8,ripe,synthetic_v0,simulated; ranges are estimates
1145,2026-06-25_PM,POTATO_09,potato,2026-06-25T18:00:00,24.5,room,64,25,116,7.3,42,4.1,501,27.1,62.2,ripe,synthetic_v0,simulated; ranges are estimates
1146,2026-06-26_AM,POTATO_09,potato,2026-06-26T06:00:00,25.0,room,65,24,87,4.3,28,4.5,490,28.6,67.8,ripe,synthetic_v0,simulated; ranges are estimates
1147,2026-06-26_PM,POTATO_09,potato,2026-06-26T18:00:00,25.5,room,59,21,93,8.3,32,5.8,504,29.7,60.2,ripe,synthetic_v0,simulated; ranges are estimates
1148,2026-06-27_AM,POTATO_09,potato,2026-06-27T06:00:00,26.0,room,59,28,162,4.9,54,6.1,428,30.2,52.6,overripe,synthetic_v0,simulated; ranges are estimates
1149,2026-06-27_PM,POTATO_09,potato,2026-06-27T18:00:00,26.5,room,65,25,140,3.5,80,3.8,353,28.0,51.5,overripe,synthetic_v0,simulated; ranges are estimates
1150,2026-06-28_AM,POTATO_09,potato,2026-06-28T06:00:00,27.0,room,65,25,154,6.0,49,4.3,344,29.7,62.2,overripe,synthetic_v0,simulated; ranges are estimates
1151,2026-06-28_PM,POTATO_09,potato,2026-06-28T18:00:00,27.5,room,58,20,169,6.3,71,5.1,447,25.8,63.4,overripe,synthetic_v0,simulated; ranges are estimates
1152,2026-06-29_AM,POTATO_09,potato,2026-06-29T06:00:00,28.0,room,61,21,209,6.8,57,3.2,306,26.6,76.8,overripe,synthetic_v0,simulated; ranges are estimates
1153,2026-06-29_PM,POTATO_09,potato,2026-06-29T18:00:00,28.5,room,69,22,150,2.0,76,7.6,368,28.3,62.7,overripe,synthetic_v0,simulated; ranges are estimates
1154,2026-06-30_AM,POTATO_09,potato,2026-06-30T06:00:00,29.0,room,71,22,397,6.6,108,6.1,84,27.0,54.2,rotten,synthetic_v0,simulated; ranges are estimates
1155,2026-06-30_PM,POTATO_09,potato,2026-06-30T18:00:00,29.5,room,71,19,306,4.9,124,4.3,65,28.3,69.3,rotten,synthetic_v0,simulated; ranges are estimates
1156,2026-07-01_AM,POTATO_09,potato,2026-07-01T06:00:00,30.0,room,75,25,416,6.0,123,4.9,116,29.2,65.0,rotten,synthetic_v0,simulated; ranges are estimates
1157,2026-07-01_PM,POTATO_09,potato,2026-07-01T18:00:00,30.5,room,67,23,410,4.3,131,3.0,105,28.4,64.2,rotten,synthetic_v0,simulated; ranges are estimates
1158,2026-07-02_AM,POTATO_09,potato,2026-07-02T06:00:00,31.0,room,64,19,348,5.4,81,2.9,173,28.1,63.1,rotten,synthetic_v0,simulated; ranges are estimates
1159,2026-07-02_PM,POTATO_09,potato,2026-07-02T18:00:00,31.5,room,66,19,269,5.2,50,2.0,67,27.5,73.3,rotten,synthetic_v0,simulated; ranges are estimates
1160,2026-06-01_AM,POTATO_10,potato,2026-06-01T06:00:00,0.0,room,69,25,79,4.5,28,1.9,557,28.2,48.8,fresh,synthetic_v0,simulated; ranges are estimates
1161,2026-06-01_PM,POTATO_10,potato,2026-06-01T18:00:00,0.5,room,68,22,78,6.3,28,2.2,505,27.4,77.7,fresh,synthetic_v0,simulated; ranges are estimates
1162,2026-06-02_AM,POTATO_10,potato,2026-06-02T06:00:00,1.0,room,75,25,97,2.9,26,3.6,640,26.0,62.1,fresh,synthetic_v0,simulated; ranges are estimates
1163,2026-06-02_PM,POTATO_10,potato,2026-06-02T18:00:00,1.5,room,72,25,82,3.0,31,2.9,623,28.1,65.0,fresh,synthetic_v0,simulated; ranges are estimates
1164,2026-06-03_AM,POTATO_10,potato,2026-06-03T06:00:00,2.0,room,79,26,86,5.4,27,3.6,599,27.9,64.4,fresh,synthetic_v0,simulated; ranges are estimates
1165,2026-06-03_PM,POTATO_10,potato,2026-06-03T18:00:00,2.5,room,71,24,72,8.4,29,3.3,527,27.2,59.6,fresh,synthetic_v0,simulated; ranges are estimates
1166,2026-06-04_AM,POTATO_10,potato,2026-06-04T06:00:00,3.0,room,72,26,81,4.0,27,2.3,562,28.1,62.5,fresh,synthetic_v0,simulated; ranges are estimates
1167,2026-06-04_PM,POTATO_10,potato,2026-06-04T18:00:00,3.5,room,69,29,85,10.4,35,3.5,614,26.4,47.7,fresh,synthetic_v0,simulated; ranges are estimates
1168,2026-06-05_AM,POTATO_10,potato,2026-06-05T06:00:00,4.0,room,83,33,87,8.4,34,2.1,567,25.1,77.3,fresh,synthetic_v0,simulated; ranges are estimates
1169,2026-06-05_PM,POTATO_10,potato,2026-06-05T18:00:00,4.5,room,77,29,90,6.2,32,1.5,542,27.5,57.1,fresh,synthetic_v0,simulated; ranges are estimates
1170,2026-06-06_AM,POTATO_10,potato,2026-06-06T06:00:00,5.0,room,76,27,80,5.4,27,1.9,590,28.1,57.6,fresh,synthetic_v0,simulated; ranges are estimates
1171,2026-06-06_PM,POTATO_10,potato,2026-06-06T18:00:00,5.5,room,75,22,82,5.2,27,5.7,544,28.8,69.0,fresh,synthetic_v0,simulated; ranges are estimates
1172,2026-06-07_AM,POTATO_10,potato,2026-06-07T06:00:00,6.0,room,79,30,80,8.4,31,3.2,572,28.4,61.8,fresh,synthetic_v0,simulated; ranges are estimates
1173,2026-06-07_PM,POTATO_10,potato,2026-06-07T18:00:00,6.5,room,82,28,87,7.6,33,5.0,472,29.3,54.6,fresh,synthetic_v0,simulated; ranges are estimates
1174,2026-06-08_AM,POTATO_10,potato,2026-06-08T06:00:00,7.0,room,76,29,90,6.7,32,6.0,622,27.6,56.9,fresh,synthetic_v0,simulated; ranges are estimates
1175,2026-06-08_PM,POTATO_10,potato,2026-06-08T18:00:00,7.5,room,77,26,84,8.9,32,1.6,609,30.9,47.4,fresh,synthetic_v0,simulated; ranges are estimates
1176,2026-06-09_AM,POTATO_10,potato,2026-06-09T06:00:00,8.0,room,73,28,87,4.4,30,1.9,571,29.7,66.4,fresh,synthetic_v0,simulated; ranges are estimates
1177,2026-06-09_PM,POTATO_10,potato,2026-06-09T18:00:00,8.5,room,83,31,87,4.9,33,2.3,565,29.4,63.6,fresh,synthetic_v0,simulated; ranges are estimates
1178,2026-06-10_AM,POTATO_10,potato,2026-06-10T06:00:00,9.0,room,80,28,89,2.0,28,1.6,577,27.5,79.0,fresh,synthetic_v0,simulated; ranges are estimates
1179,2026-06-10_PM,POTATO_10,potato,2026-06-10T18:00:00,9.5,room,71,26,90,5.3,31,3.2,617,28.1,54.7,fresh,synthetic_v0,simulated; ranges are estimates
1180,2026-06-11_AM,POTATO_10,potato,2026-06-11T06:00:00,10.0,room,80,25,92,2.7,27,2.5,573,29.8,58.3,fresh,synthetic_v0,simulated; ranges are estimates
1181,2026-06-11_PM,POTATO_10,potato,2026-06-11T18:00:00,10.5,room,78,27,84,6.6,32,2.6,601,27.5,64.3,fresh,synthetic_v0,simulated; ranges are estimates
1182,2026-06-12_AM,POTATO_10,potato,2026-06-12T06:00:00,11.0,room,76,29,92,3.7,30,5.0,636,29.1,55.9,fresh,synthetic_v0,simulated; ranges are estimates
1183,2026-06-12_PM,POTATO_10,potato,2026-06-12T18:00:00,11.5,room,72,24,85,3.0,27,3.6,588,26.3,59.4,fresh,synthetic_v0,simulated; ranges are estimates
1184,2026-06-13_AM,POTATO_10,potato,2026-06-13T06:00:00,12.0,room,73,26,79,8.2,27,3.5,519,24.7,55.0,fresh,synthetic_v0,simulated; ranges are estimates
1185,2026-06-13_PM,POTATO_10,potato,2026-06-13T18:00:00,12.5,room,79,28,88,6.9,34,1.9,633,26.6,69.4,fresh,synthetic_v0,simulated; ranges are estimates
1186,2026-06-14_AM,POTATO_10,potato,2026-06-14T06:00:00,13.0,room,71,33,77,4.8,35,2.7,516,28.3,60.7,fresh,synthetic_v0,simulated; ranges are estimates
1187,2026-06-14_PM,POTATO_10,potato,2026-06-14T18:00:00,13.5,room,76,28,87,5.8,31,3.5,635,28.7,59.4,fresh,synthetic_v0,simulated; ranges are estimates
1188,2026-06-15_AM,POTATO_10,potato,2026-06-15T06:00:00,14.0,room,66,26,79,6.7,28,3.2,501,26.7,50.8,fresh,synthetic_v0,simulated; ranges are estimates
1189,2026-06-15_PM,POTATO_10,potato,2026-06-15T18:00:00,14.5,room,77,24,88,4.3,29,6.3,610,26.0,62.1,fresh,synthetic_v0,simulated; ranges are estimates
1190,2026-06-16_AM,POTATO_10,potato,2026-06-16T06:00:00,15.0,room,73,27,84,2.3,28,4.5,617,27.4,69.2,fresh,synthetic_v0,simulated; ranges are estimates
1191,2026-06-16_PM,POTATO_10,potato,2026-06-16T18:00:00,15.5,room,71,33,82,6.9,39,1.5,622,26.5,71.1,fresh,synthetic_v0,simulated; ranges are estimates
1192,2026-06-17_AM,POTATO_10,potato,2026-06-17T06:00:00,16.0,room,65,31,76,4.9,32,7.1,486,26.7,53.6,fresh,synthetic_v0,simulated; ranges are estimates
1193,2026-06-17_PM,POTATO_10,potato,2026-06-17T18:00:00,16.5,room,66,32,74,4.2,38,2.2,611,29.7,60.1,fresh,synthetic_v0,simulated; ranges are estimates
1194,2026-06-18_AM,POTATO_10,potato,2026-06-18T06:00:00,17.0,room,62,23,65,3.8,24,2.6,484,27.3,73.5,fresh,synthetic_v0,simulated; ranges are estimates
1195,2026-06-18_PM,POTATO_10,potato,2026-06-18T18:00:00,17.5,room,67,28,78,6.2,33,8.1,597,29.4,51.3,fresh,synthetic_v0,simulated; ranges are estimates
1196,2026-06-19_AM,POTATO_10,potato,2026-06-19T06:00:00,18.0,room,68,25,97,6.7,27,5.5,418,28.8,66.8,ripe,synthetic_v0,simulated; ranges are estimates
1197,2026-06-19_PM,POTATO_10,potato,2026-06-19T18:00:00,18.5,room,68,28,102,5.8,38,6.4,464,28.0,60.6,ripe,synthetic_v0,simulated; ranges are estimates
1198,2026-06-20_AM,POTATO_10,potato,2026-06-20T06:00:00,19.0,room,67,27,85,9.7,33,5.2,465,27.1,65.8,ripe,synthetic_v0,simulated; ranges are estimates
1199,2026-06-20_PM,POTATO_10,potato,2026-06-20T18:00:00,19.5,room,66,31,95,4.2,38,4.9,469,28.6,70.3,ripe,synthetic_v0,simulated; ranges are estimates
1200,2026-06-21_AM,POTATO_10,potato,2026-06-21T06:00:00,20.0,room,64,25,96,8.2,28,5.9,514,28.6,56.1,ripe,synthetic_v0,simulated; ranges are estimates
1201,2026-06-21_PM,POTATO_10,potato,2026-06-21T18:00:00,20.5,room,64,28,103,9.8,36,4.1,427,26.4,53.4,ripe,synthetic_v0,simulated; ranges are estimates
1202,2026-06-22_AM,POTATO_10,potato,2026-06-22T06:00:00,21.0,room,69,31,102,7.1,39,4.5,520,28.8,65.9,ripe,synthetic_v0,simulated; ranges are estimates
1203,2026-06-22_PM,POTATO_10,potato,2026-06-22T18:00:00,21.5,room,60,28,88,4.7,37,2.0,487,29.7,56.4,ripe,synthetic_v0,simulated; ranges are estimates
1204,2026-06-23_AM,POTATO_10,potato,2026-06-23T06:00:00,22.0,room,62,23,98,3.6,30,3.5,456,28.9,61.5,ripe,synthetic_v0,simulated; ranges are estimates
1205,2026-06-23_PM,POTATO_10,potato,2026-06-23T18:00:00,22.5,room,63,26,91,11.1,36,3.6,423,28.3,64.5,ripe,synthetic_v0,simulated; ranges are estimates
1206,2026-06-24_AM,POTATO_10,potato,2026-06-24T06:00:00,23.0,room,60,24,85,2.7,27,6.6,486,29.2,65.1,ripe,synthetic_v0,simulated; ranges are estimates
1207,2026-06-24_PM,POTATO_10,potato,2026-06-24T18:00:00,23.5,room,55,22,119,7.0,34,2.7,512,29.5,51.2,ripe,synthetic_v0,simulated; ranges are estimates
1208,2026-06-25_AM,POTATO_10,potato,2026-06-25T06:00:00,24.0,room,57,20,90,6.0,25,2.3,471,27.0,55.0,ripe,synthetic_v0,simulated; ranges are estimates
1209,2026-06-25_PM,POTATO_10,potato,2026-06-25T18:00:00,24.5,room,56,22,88,5.4,31,6.8,410,26.5,63.4,ripe,synthetic_v0,simulated; ranges are estimates
1210,2026-06-26_AM,POTATO_10,potato,2026-06-26T06:00:00,25.0,room,63,26,134,6.2,47,3.9,324,26.0,69.9,overripe,synthetic_v0,simulated; ranges are estimates
1211,2026-06-26_PM,POTATO_10,potato,2026-06-26T18:00:00,25.5,room,67,20,132,4.7,36,3.5,230,25.8,61.4,overripe,synthetic_v0,simulated; ranges are estimates
1212,2026-06-27_AM,POTATO_10,potato,2026-06-27T06:00:00,26.0,room,68,25,132,6.3,31,4.6,355,30.9,53.4,overripe,synthetic_v0,simulated; ranges are estimates
1213,2026-06-27_PM,POTATO_10,potato,2026-06-27T18:00:00,26.5,room,51,19,122,5.3,35,2.1,252,28.8,56.7,overripe,synthetic_v0,simulated; ranges are estimates
1214,2026-06-28_AM,POTATO_10,potato,2026-06-28T06:00:00,27.0,room,61,19,132,6.4,45,3.9,330,26.5,54.2,overripe,synthetic_v0,simulated; ranges are estimates
1215,2026-06-28_PM,POTATO_10,potato,2026-06-28T18:00:00,27.5,room,62,28,124,8.1,56,3.5,306,27.6,66.5,overripe,synthetic_v0,simulated; ranges are estimates
1216,2026-06-29_AM,POTATO_10,potato,2026-06-29T06:00:00,28.0,room,72,25,137,6.3,50,2.7,323,29.4,61.7,overripe,synthetic_v0,simulated; ranges are estimates
1217,2026-06-29_PM,POTATO_10,potato,2026-06-29T18:00:00,28.5,room,65,17,103,6.6,40,6.8,293,28.9,71.6,overripe,synthetic_v0,simulated; ranges are estimates
1218,2026-06-30_AM,POTATO_10,potato,2026-06-30T06:00:00,29.0,room,69,24,167,7.3,42,4.0,282,28.3,58.0,overripe,synthetic_v0,simulated; ranges are estimates
1219,2026-06-30_PM,POTATO_10,potato,2026-06-30T18:00:00,29.5,room,64,26,144,4.3,58,3.0,244,28.8,57.1,overripe,synthetic_v0,simulated; ranges are estimates
1220,2026-07-01_AM,POTATO_10,potato,2026-07-01T06:00:00,30.0,room,67,16,431,4.9,102,3.0,160,30.9,44.7,rotten,synthetic_v0,simulated; ranges are estimates
1221,2026-07-01_PM,POTATO_10,potato,2026-07-01T18:00:00,30.5,room,69,17,238,2.0,66,3.5,138,27.9,49.1,rotten,synthetic_v0,simulated; ranges are estimates
1222,2026-07-02_AM,POTATO_10,potato,2026-07-02T06:00:00,31.0,room,75,18,268,8.6,80,7.7,132,29.1,68.7,rotten,synthetic_v0,simulated; ranges are estimates
1223,2026-07-02_PM,POTATO_10,potato,2026-07-02T18:00:00,31.5,room,76,21,342,2.4,114,4.4,153,25.7,47.0,rotten,synthetic_v0,simulated; ranges are estimates
1224,2026-07-03_AM,POTATO_10,potato,2026-07-03T06:00:00,32.0,room,72,17,280,4.2,105,5.3,145,27.9,63.5,rotten,synthetic_v0,simulated; ranges are estimates
1225,2026-07-03_PM,POTATO_10,potato,2026-07-03T18:00:00,32.5,room,66,20,344,4.0,77,3.0,110,25.9,58.9,rotten,synthetic_v0,simulated; ranges are estimates
1226,2026-07-04_AM,POTATO_10,potato,2026-07-04T06:00:00,33.0,room,75,18,278,4.8,93,3.1,187,26.7,50.9,rotten,synthetic_v0,simulated; ranges are estimates
1227,2026-07-04_PM,POTATO_10,potato,2026-07-04T18:00:00,33.5,room,75,20,371,7.3,156,4.3,56,27.3,62.6,rotten,synthetic_v0,simulated; ranges are estimates
1228,2026-07-05_AM,POTATO_10,potato,2026-07-05T06:00:00,34.0,room,67,24,310,2.6,75,3.5,108,27.3,49.4,rotten,synthetic_v0,simulated; ranges are estimates
1229,2026-07-05_PM,POTATO_10,potato,2026-07-05T18:00:00,34.5,room,77,24,268,3.8,127,3.0,135,27.6,62.0,rotten,synthetic_v0,simulated; ranges are estimates
